<?xml version="1.0" encoding="UTF-8" standalone="yes"?>
    <addon id="repository.fuzzybritches" name="Fuzzy Britches Repository" version="1.0.16" provider-name="The Papaw">
        <requires>
            <import addon="xbmc.addon" version="12.0.0"/>
        </requires>
        <extension point="xbmc.addon.repository" name="Fuzzy Britches">
            <info compressed="false">https://raw.githubusercontent.com/thepapaw/fuzzybritches/master/_zips/addons.xml</info>
            <checksum>https://raw.githubusercontent.com/thepapaw/fuzzybritches/master/_zips/addons.xml.md5</checksum>
            <datadir zip="true">https://raw.githubusercontent.com/thepapaw/fuzzybritches/master/_zips/</datadir>
            <hashes>false</hashes>
		<dir>
            <info compressed="false">https://raw.githubusercontent.com/jenaddon/repository.jenrepo/master/zips/addons.xml</info>
            <checksum>https://raw.githubusercontent.com/jenaddon/repository.jenrepo/master/zips/addons.xml.md5</checksum>
            <datadir zip="true">https://raw.githubusercontent.com/jenaddon/repository.jenrepo/master/zips/</datadir>
            <hashes>false</hashes>
        </dir>			
        </extension>
        <extension point="xbmc.addon.metadata">
            <summary>The Official Fuzzy Britches Repository.</summary>
            <description>This is the  "Official" repository for the Fuzzy Britches addon for Kodi.[CR]- [COLOR yellow]New Animated skins added![/COLOR]</description>
            <platform>all</platform>
            <genre>movies,usa</genre>
			<license>CC BY-NC-SA 4.0</license>
			<forum></forum>
			<website>https://github.com/ThePapaw/fuzzybritches</website>
			<source>https://github.com/ThePapaw/fuzzybritches</source>
			<video_guide></video_guide>
		<assets>
			<icon>icon.png</icon>
			<icon>icon.gif</icon>
			<fanart>fanart.jpg</fanart>
		</assets>
		<news>[COLOR yellow]All Skins updated and completely redesigned[/COLOR][CR]- [COLOR yellow]NEW Animated skins added![/COLOR][CR]- [COLOR yellow]Added Fuzzy Britches v2[/COLOR]</news>
        </extension>
    </addon>