
<item>
<title>01. Wally Goes Steady</title>
<meta>
  <content>episode</content>
  <imdb>tt0050032</imdb>
  <tvdb>50825</tvdb>
  <tvshowtitle>Leave It To Beaver</tvshowtitle>
  <year>1961</year>
  <title></title>
  <premiered></premiered>
  <season>5</season>
  <episode></episode>
  <summary>Ward and June find themselves in the dark when they hear through the grapevine that not only is Wally going steady with Evelyn Boothby but that wedding bells may be heard soon. Meanwhile, Wally gets a different picture of marital life through Evelyn's sister and her husband.</summary>
</meta>
<link>https://archive.org/download/leave.it.to.beaver.complete.series/Season%205/Leave%20It%20To%20Beaver%20-%20S05E01%20-%20Going%20Steady.mp4</link>
<animated_thumbnail></animated_thumbnail>
<thumbnail>https://www.thetvdb.com/banners/episodes/71575/50981.jpg</thumbnail>
<animated_fanart></animated_fanart>
<fanart></fanart>
</item>

<item>
<title>02. No Time for Babysitters</title>
<meta>
  <content>episode</content>
  <imdb>tt0050032</imdb>
  <tvdb>50825</tvdb>
  <tvshowtitle>Leave It To Beaver</tvshowtitle>
  <year>1961</year>
  <title></title>
  <premiered></premiered>
  <season>5</season>
  <episode></episode>
  <summary>June, Ward and Wally are going out for the evening and not wanting to worry about Beaver, June calls a babysitter, despite Beaver's pleas against the idea.</summary>
</meta>
<link>https://archive.org/download/leave.it.to.beaver.complete.series/Season%205/Leave%20It%20To%20Beaver%20-%20S05E02%20-%20No%20Time%20for%20Babysitters.mp4</link>
<animated_thumbnail></animated_thumbnail>
<thumbnail>https://www.thetvdb.com/banners/episodes/71575/50982.jpg</thumbnail>
<animated_fanart></animated_fanart>
<fanart></fanart>
</item>

<item>
<title>03. Wally's Car</title>
<meta>
  <content>episode</content>
  <imdb>tt0050032</imdb>
  <tvdb>50825</tvdb>
  <tvshowtitle>Leave It To Beaver</tvshowtitle>
  <year>1961</year>
  <title></title>
  <premiered></premiered>
  <season>5</season>
  <episode></episode>
  <summary>For $25, Wally buys a car and signs a contract with the owner knowing full well what he's getting, a car that doesn't start. Wally quickly finds himself with more trouble then he bargained for when the lemon becomes a fixture in front of the Cleaver home.</summary>
</meta>
<link>https://archive.org/download/leave.it.to.beaver.complete.series/Season%205/Leave%20It%20To%20Beaver%20-%20S05E03%20-%20Wally%27s%20Car.mp4</link>
<animated_thumbnail></animated_thumbnail>
<thumbnail>https://www.thetvdb.com/banners/episodes/71575/50983.jpg</thumbnail>
<animated_fanart></animated_fanart>
<fanart></fanart>
</item>

<item>
<title>04. Beaver's Birthday</title>
<meta>
  <content>episode</content>
  <imdb>tt0050032</imdb>
  <tvdb>50825</tvdb>
  <tvshowtitle>Leave It To Beaver</tvshowtitle>
  <year>1961</year>
  <title></title>
  <premiered></premiered>
  <season>5</season>
  <episode></episode>
  <summary>Beaver has told his parents that he doesn't want anything big for his birthday and they decide to respect his wishes and give him a gift of money. Beaver also gets quite a bit of money from other relatives and finds himself debating on whether or not to spend it or put in the bank, like his parents suggest.</summary>
</meta>
<link>https://archive.org/download/leave.it.to.beaver.complete.series/Season%205/Leave%20It%20To%20Beaver%20-%20S05E04%20-%20Beaver%27s%20Birthday.mp4</link>
<animated_thumbnail></animated_thumbnail>
<thumbnail>https://www.thetvdb.com/banners/episodes/71575/50984.jpg</thumbnail>
<animated_fanart></animated_fanart>
<fanart></fanart>
</item>

<item>
<title>05. Beaver's Cat Problem</title>
<meta>
  <content>episode</content>
  <imdb>tt0050032</imdb>
  <tvdb>50825</tvdb>
  <tvshowtitle>Leave It To Beaver</tvshowtitle>
  <year>1961</year>
  <title></title>
  <premiered></premiered>
  <season>5</season>
  <episode></episode>
  <summary>A strange cat appears at the Cleaver's door and Beaver takes it in and feeds it. However, when the owner is found, and the cat is returned, Beaver finds himself with a dilemma. The cat keeps coming back.</summary>
</meta>
<link>https://archive.org/download/leave.it.to.beaver.complete.series/Season%205/Leave%20It%20To%20Beaver%20-%20S05E05%20-%20Beaver%27s%20Cat%20Problem.mp4</link>
<animated_thumbnail></animated_thumbnail>
<thumbnail>https://www.thetvdb.com/banners/episodes/71575/50985.jpg</thumbnail>
<animated_fanart></animated_fanart>
<fanart></fanart>
</item>

<item>
<title>06. Wally's Weekend Job</title>
<meta>
  <content>episode</content>
  <imdb>tt0050032</imdb>
  <tvdb>50825</tvdb>
  <tvshowtitle>Leave It To Beaver</tvshowtitle>
  <year>1961</year>
  <title></title>
  <premiered></premiered>
  <season>5</season>
  <episode></episode>
  <summary>Wally gets a job at the ice cream parlor leaving a gaggle of girls swooning and Eddie and Lumpy feeling neglected. So to get back at him, Eddie and Lumpy concoct a plan of revenge that involves Mary Ellen Roger's slumber party.</summary>
</meta>
<link>https://archive.org/download/leave.it.to.beaver.complete.series/Season%205/Leave%20It%20To%20Beaver%20-%20S05E06%20-%20Wally%27s%20Weekend%20Job.mp4</link>
<animated_thumbnail></animated_thumbnail>
<thumbnail>https://www.thetvdb.com/banners/episodes/71575/50986.jpg</thumbnail>
<animated_fanart></animated_fanart>
<fanart></fanart>
</item>

<item>
<title>07. Beaver Takes a Drive</title>
<meta>
  <content>episode</content>
  <imdb>tt0050032</imdb>
  <tvdb>50825</tvdb>
  <tvshowtitle>Leave It To Beaver</tvshowtitle>
  <year>1961</year>
  <title></title>
  <premiered></premiered>
  <season>5</season>
  <episode></episode>
  <summary>When Beaver and Gilbert are pretending to go for a drive in Ward's car, Beaver accidentally releases the parking brake, causing the car to roll down the driveway and into the street, backing up traffic. Wally steps in and drives the car back in the driveway and clears up the traffic mess, but he soon finds himself being issued a citation for driving without a license.</summary>
</meta>
<link>https://archive.org/download/leave.it.to.beaver.complete.series/Season%205/Leave%20It%20To%20Beaver%20-%20S05E07%20-%20Beaver%20Takes%20a%20Drive.mp4</link>
<animated_thumbnail></animated_thumbnail>
<thumbnail>https://www.thetvdb.com/banners/episodes/71575/50987.jpg</thumbnail>
<animated_fanart></animated_fanart>
<fanart></fanart>
</item>

<item>
<title>08. Wally's Big Date</title>
<meta>
  <content>episode</content>
  <imdb>tt0050032</imdb>
  <tvdb>50825</tvdb>
  <tvshowtitle>Leave It To Beaver</tvshowtitle>
  <year>1961</year>
  <title></title>
  <premiered></premiered>
  <season>5</season>
  <episode></episode>
  <summary>Wally's school is having an exchange dance and Wally and Eddie must take girls from a rival school that they chose out of a hat. Eddie asks to trade with Wally and he agrees, like a shot, after seeing the picture of Eddie's intended in a yearbook. Suspicious, Wally soon quickly discovers why Eddie wanted to trade; the girl is a few inches taller than Wally.</summary>
</meta>
<link>https://archive.org/download/leave.it.to.beaver.complete.series/Season%205/Leave%20It%20To%20Beaver%20-%20S05E08%20-%20Wally%27s%20Big%20Date.mp4</link>
<animated_thumbnail></animated_thumbnail>
<thumbnail>https://www.thetvdb.com/banners/episodes/71575/50988.jpg</thumbnail>
<animated_fanart></animated_fanart>
<fanart></fanart>
</item>

<item>
<title>09. Beaver's Ice Skates</title>
<meta>
  <content>episode</content>
  <imdb>tt0050032</imdb>
  <tvdb>50825</tvdb>
  <tvshowtitle>Leave It To Beaver</tvshowtitle>
  <year>1961</year>
  <title></title>
  <premiered></premiered>
  <season>5</season>
  <episode></episode>
  <summary>Beaver wants a new pair of expensive ice skates and asks Ward to borrow $13.00. Wanting to pick them out himself, he goes to the store and is conned by a salesman who sells him skates that her 3 sizes too big.</summary>
</meta>
<link>https://archive.org/download/leave.it.to.beaver.complete.series/Season%205/Leave%20It%20To%20Beaver%20-%20S05E09%20-%20Beaver%27s%20Ice%20Skates.mp4</link>
<animated_thumbnail></animated_thumbnail>
<thumbnail>https://www.thetvdb.com/banners/episodes/71575/50989.jpg</thumbnail>
<animated_fanart></animated_fanart>
<fanart></fanart>
</item>

<item>
<title>10. Weekend Invitation</title>
<meta>
  <content>episode</content>
  <imdb>tt0050032</imdb>
  <tvdb>50825</tvdb>
  <tvshowtitle>Leave It To Beaver</tvshowtitle>
  <year>1961</year>
  <title></title>
  <premiered></premiered>
  <season>5</season>
  <episode></episode>
  <summary>Wally and a bunch of other guys are invited to spend the weekend at Scott's cottage on the lake. However, the one thing that could keep Wally from going, Scott just happens to forget to mention, that there will be no parent supervision.</summary>
</meta>
<link>https://archive.org/download/leave.it.to.beaver.complete.series/Season%205/Leave%20It%20To%20Beaver%20-%20S05E10%20-%20Weekend%20Invitation.mp4</link>
<animated_thumbnail></animated_thumbnail>
<thumbnail>https://www.thetvdb.com/banners/episodes/71575/50990.jpg</thumbnail>
<animated_fanart></animated_fanart>
<fanart></fanart>
</item>

<item>
<title>11. Beaver's English Test</title>
<meta>
  <content>episode</content>
  <imdb>tt0050032</imdb>
  <tvdb>50825</tvdb>
  <tvshowtitle>Leave It To Beaver</tvshowtitle>
  <year>1961</year>
  <title></title>
  <premiered></premiered>
  <season>5</season>
  <episode></episode>
  <summary>Beaver has been having trouble in English and Ward persuades Wally to tutor him. Wally has Beaver look over an old exam that he once took and to Beaver's surprise, the next day, his teacher gives him the exact same test, which he of course he aces. However, Beaver is left with a guilty conscience.</summary>
</meta>
<link>https://archive.org/download/leave.it.to.beaver.complete.series/Season%205/Leave%20It%20To%20Beaver%20-%20S05E11%20-%20Beaver%27s%20English%20Test.mp4</link>
<animated_thumbnail></animated_thumbnail>
<thumbnail>https://www.thetvdb.com/banners/episodes/71575/50991.jpg</thumbnail>
<animated_fanart></animated_fanart>
<fanart></fanart>
</item>

<item>
<title>12. Wally's Chauffeur</title>
<meta>
  <content>episode</content>
  <imdb>tt0050032</imdb>
  <tvdb>50825</tvdb>
  <tvshowtitle>Leave It To Beaver</tvshowtitle>
  <year>1961</year>
  <title></title>
  <premiered></premiered>
  <season>5</season>
  <episode></episode>
  <summary>Wally plans on going to a big dance with Evelyn Boothby and they plan on getting there cramped with six other people in Lumpy's car. When June and Ward refuse to allow that, Wally and Evelyn must find another way to get there. However, what Evelyn has in mind doesn't go over well with Wally.</summary>
</meta>
<link>https://archive.org/download/leave.it.to.beaver.complete.series/Season%205/Leave%20It%20To%20Beaver%20-%20S05E12%20-%20Wally%27s%20Chauffer.mp4</link>
<animated_thumbnail></animated_thumbnail>
<thumbnail>https://www.thetvdb.com/banners/episodes/71575/50992.jpg</thumbnail>
<animated_fanart></animated_fanart>
<fanart></fanart>
</item>

<item>
<title>13. Beaver's First Date</title>
<meta>
  <content>episode</content>
  <imdb>tt0050032</imdb>
  <tvdb>50825</tvdb>
  <tvshowtitle>Leave It To Beaver</tvshowtitle>
  <year>1961</year>
  <title></title>
  <premiered></premiered>
  <season>5</season>
  <episode></episode>
  <summary>A party is being thrown at the dancing school where Beaver and Wally once took lessons and they're both invited. This prompts Beaver to ask one particular girl who caught his eye, Betsy Patterson, if he could escort her to the dance. However, once at the dance, he finds that Betsy has promised other boys that she would dance with them.</summary>
</meta>
<link>https://archive.org/download/leave.it.to.beaver.complete.series/Season%205/Leave%20It%20To%20Beaver%20-%20S05E13%20-%20Beaver%27s%20First%20Date.mp4</link>
<animated_thumbnail></animated_thumbnail>
<thumbnail>https://www.thetvdb.com/banners/episodes/71575/50993.jpg</thumbnail>
<animated_fanart></animated_fanart>
<fanart></fanart>
</item>

<item>
<title>14. Ward's Golf Clubs</title>
<meta>
  <content>episode</content>
  <imdb>tt0050032</imdb>
  <tvdb>50825</tvdb>
  <tvshowtitle>Leave It To Beaver</tvshowtitle>
  <year>1961</year>
  <title></title>
  <premiered></premiered>
  <season>5</season>
  <episode></episode>
  <summary>During a particularly awful golf game, Ward happens to break his driver and decides it's not worth repairing it, so he just puts it in the closet. Later, Gilbert talks Beaver into hitting around some golf balls with Ward's clubs and one hit with the broken driver has Beaver thinking he broke it.</summary>
</meta>
<link>https://archive.org/download/leave.it.to.beaver.complete.series/Season%205/Leave%20It%20To%20Beaver%20-%20S05E14%20-%20Ward%27s%20Golf%20Clubs.mp4</link>
<animated_thumbnail></animated_thumbnail>
<thumbnail>https://www.thetvdb.com/banners/episodes/71575/50994.jpg</thumbnail>
<animated_fanart></animated_fanart>
<fanart></fanart>
</item>

<item>
<title>15. Farewell to Penny</title>
<meta>
  <content>episode</content>
  <imdb>tt0050032</imdb>
  <tvdb>50825</tvdb>
  <tvshowtitle>Leave It To Beaver</tvshowtitle>
  <year>1961</year>
  <title></title>
  <premiered></premiered>
  <season>5</season>
  <episode></episode>
  <summary>Penny learns that she will be moving away and Beaver deals with mixed feelings for the girl with whom he shares a mutual dislike for. However, after a farewell party at school, Beaver and Penny openly show their true feelings for one another.</summary>
</meta>
<link>https://archive.org/download/leave.it.to.beaver.complete.series/Season%205/Leave%20It%20To%20Beaver%20-%20S05E15%20-%20Farewell%20to%20Penny.mp4</link>
<animated_thumbnail></animated_thumbnail>
<thumbnail>https://www.thetvdb.com/banners/episodes/71575/50995.jpg</thumbnail>
<animated_fanart></animated_fanart>
<fanart></fanart>
</item>

<item>
<title>16. Beaver, the Bunny</title>
<meta>
  <content>episode</content>
  <imdb>tt0050032</imdb>
  <tvdb>50825</tvdb>
  <tvshowtitle>Leave It To Beaver</tvshowtitle>
  <year>1961</year>
  <title></title>
  <premiered></premiered>
  <season>5</season>
  <episode></episode>
  <summary>Beaver is cast as a rabbit for a school play and June has his costume all ready, complete with floppy ears and puffy tail. On the night of the play, Beaver needs to be at the school early and gets a ride with Lumpy and Wally in full costume, however, Lumpy's car breaks down and Beaver must walk the few blocks to the school to get there in time.</summary>
</meta>
<link>https://archive.org/download/leave.it.to.beaver.complete.series/Season%205/Leave%20It%20To%20Beaver%20-%20S05E16%20-%20Beaver%20the%20Bunny.mp4</link>
<animated_thumbnail></animated_thumbnail>
<thumbnail>https://www.thetvdb.com/banners/episodes/71575/50996.jpg</thumbnail>
<animated_fanart></animated_fanart>
<fanart></fanart>
</item>

<item>
<title>17. Beaver's Electric Trains</title>
<meta>
  <content>episode</content>
  <imdb>tt0050032</imdb>
  <tvdb>50825</tvdb>
  <tvshowtitle>Leave It To Beaver</tvshowtitle>
  <year>1961</year>
  <title></title>
  <premiered></premiered>
  <season>5</season>
  <episode></episode>
  <summary>June runs across Beaver's old electric trains while cleaning and since he hasn't played with them in years, finds someone who will take them, with Beaver's consent. However, Beaver quickly re-discovers the fun he has with his old trains and wants to withdraw from the arrangement, even though, the new owners-to-be are expecting them.</summary>
</meta>
<link>https://archive.org/download/leave.it.to.beaver.complete.series/Season%205/Leave%20It%20To%20Beaver%20-%20S05E17%20-%20Beaver%27s%20Electric%20Trains.mp4</link>
<animated_thumbnail></animated_thumbnail>
<thumbnail>https://www.thetvdb.com/banners/episodes/71575/50997.jpg</thumbnail>
<animated_fanart></animated_fanart>
<fanart></fanart>
</item>

<item>
<title>18. Beaver's Long Night</title>
<meta>
  <content>episode</content>
  <imdb>tt0050032</imdb>
  <tvdb>50825</tvdb>
  <tvshowtitle>Leave It To Beaver</tvshowtitle>
  <year>1961</year>
  <title></title>
  <premiered></premiered>
  <season>5</season>
  <episode></episode>
  <summary>Beaver has Gilbert over to spend the night but after they watch a gangster movie things get out of hand. A suspicious car has just pulled up to the front of the house with two strange characters sitting inside, and they just happen to be Lumpy and Bill, dressed for a masquerade party. Not knowing this, Beaver calls the police and Lumpy and Bill are arrested.</summary>
</meta>
<link>https://archive.org/download/leave.it.to.beaver.complete.series/Season%205/Leave%20It%20To%20Beaver%20-%20S05E18%20-%20Beaver%27s%20Long%20Night.mp4</link>
<animated_thumbnail></animated_thumbnail>
<thumbnail>https://www.thetvdb.com/banners/episodes/71575/50998.jpg</thumbnail>
<animated_fanart></animated_fanart>
<fanart></fanart>
</item>

<item>
<title>19. Beaver's Jacket</title>
<meta>
  <content>episode</content>
  <imdb>tt0050032</imdb>
  <tvdb>50825</tvdb>
  <tvshowtitle>Leave It To Beaver</tvshowtitle>
  <year>1961</year>
  <title></title>
  <premiered></premiered>
  <season>5</season>
  <episode></episode>
  <summary>Richard has just gotten, as Beaver describes it, a "keen" new jacket and this prompts Beaver to ask his parents for one exactly like it. June and Ward are hesitant after learning the price of one but decide to give in. However, when Richard loses his, he coerces Beaver into a plot to trick his parents.</summary>
</meta>
<link>https://archive.org/download/leave.it.to.beaver.complete.series/Season%205/Leave%20It%20To%20Beaver%20-%20S05E19%20-%20Beaver%27s%20Long%20Night.mp4</link>
<animated_thumbnail></animated_thumbnail>
<thumbnail>https://www.thetvdb.com/banners/episodes/71575/50999.jpg</thumbnail>
<animated_fanart></animated_fanart>
<fanart></fanart>
</item>

<item>
<title>20. Nobody Loves Me</title>
<meta>
  <content>episode</content>
  <imdb>tt0050032</imdb>
  <tvdb>50825</tvdb>
  <tvshowtitle>Leave It To Beaver</tvshowtitle>
  <year>1961</year>
  <title></title>
  <premiered></premiered>
  <season>5</season>
  <episode></episode>
  <summary>Beaver becomes convinced that he's ugly and unwanted after constantly being reminded how cute he used to be and from being yelled at from his parents at how messy he currently is.</summary>
</meta>
<link>https://archive.org/download/leave.it.to.beaver.complete.series/Season%205/Leave%20It%20To%20Beaver%20-%20S05E20%20-%20Nobody%20Loves%20Me.mp4</link>
<animated_thumbnail></animated_thumbnail>
<thumbnail>https://www.thetvdb.com/banners/episodes/71575/51000.jpg</thumbnail>
<animated_fanart></animated_fanart>
<fanart></fanart>
</item>

<item>
<title>21. Beaver's Fear</title>
<meta>
  <content>episode</content>
  <imdb>tt0050032</imdb>
  <tvdb>50825</tvdb>
  <tvshowtitle>Leave It To Beaver</tvshowtitle>
  <year>1961</year>
  <title></title>
  <premiered></premiered>
  <season>5</season>
  <episode></episode>
  <summary>Wally is rounding up some guys to go to an amusement park and he's one short from getting a discount so he settles on Beaver. However, Beaver begins having second thoughts when he hears stories about one of the rollercoasters.</summary>
</meta>
<link>https://archive.org/download/leave.it.to.beaver.complete.series/Season%205/Leave%20It%20To%20Beaver%20-%20S05E21%20-%20Beaver%27s%20Fear.mp4</link>
<animated_thumbnail></animated_thumbnail>
<thumbnail>https://www.thetvdb.com/banners/episodes/71575/51001.jpg</thumbnail>
<animated_fanart></animated_fanart>
<fanart></fanart>
</item>

<item>
<title>22. Three Boys and a Burro</title>
<meta>
  <content>episode</content>
  <imdb>tt0050032</imdb>
  <tvdb>50825</tvdb>
  <tvshowtitle>Leave It To Beaver</tvshowtitle>
  <year>1961</year>
  <title></title>
  <premiered></premiered>
  <season>5</season>
  <episode></episode>
  <summary>Beaver, Gilbert and Richard find a burro for sale in Mayfield and they each decide to each go in $10 for it. After getting their parent's permission, Richard and Gilbert fight over who gets to keep the burro, which they name Pepe. However, once they get a load of just how destructive a burro can be, they dump the problem of room and board on Beaver.</summary>
</meta>
<link>https://archive.org/download/leave.it.to.beaver.complete.series/Season%205/Leave%20It%20To%20Beaver%20-%20S05E22%20-%20Three%20Boys%20and%20a%20Burro.mp4</link>
<animated_thumbnail></animated_thumbnail>
<thumbnail>https://www.thetvdb.com/banners/episodes/71575/51002.jpg</thumbnail>
<animated_fanart></animated_fanart>
<fanart></fanart>
</item>

<item>
<title>23. Eddie Quits School</title>
<meta>
  <content>episode</content>
  <imdb>tt0050032</imdb>
  <tvdb>50825</tvdb>
  <tvshowtitle>Leave It To Beaver</tvshowtitle>
  <year>1961</year>
  <title></title>
  <premiered></premiered>
  <season>5</season>
  <episode></episode>
  <summary>Eddie pompously announces that he's dropping out of school to get a high paying job at a gas station. However, all is not as it seems when Wally and Lumpy get a glance at Eddie's new free spending life.</summary>
</meta>
<link>https://archive.org/download/leave.it.to.beaver.complete.series/Season%205/Leave%20It%20To%20Beaver%20-%20S05E23%20-%20Eddie%20Quits%20School.mp4</link>
<animated_thumbnail></animated_thumbnail>
<thumbnail>https://www.thetvdb.com/banners/episodes/71575/51003.jpg</thumbnail>
<animated_fanart></animated_fanart>
<fanart></fanart>
</item>

<item>
<title>24. Wally Stays at Lumpy's</title>
<meta>
  <content>episode</content>
  <imdb>tt0050032</imdb>
  <tvdb>50825</tvdb>
  <tvshowtitle>Leave It To Beaver</tvshowtitle>
  <year>1961</year>
  <title></title>
  <premiered></premiered>
  <season>5</season>
  <episode></episode>
  <summary>A communication gap ensues when Wally wants to spend the night at Lumpy's and Beaver wants to have Gilbert spend the night. Beaver asks June and she tells him, he can sometime when Wally spends the night somewhere and Wally asks Ward, who tells him he can sometime when Beaver has someone spend the night.</summary>
</meta>
<link>https://archive.org/download/leave.it.to.beaver.complete.series/Season%205/Leave%20It%20To%20Beaver%20-%20S05E24%20-%20Wally%20Stays%20at%20Lumpy%27s.mp4</link>
<animated_thumbnail></animated_thumbnail>
<thumbnail>https://www.thetvdb.com/banners/episodes/71575/51004.jpg</thumbnail>
<animated_fanart></animated_fanart>
<fanart></fanart>
</item>

<item>
<title>25. Beaver's Laundry</title>
<meta>
  <content>episode</content>
  <imdb>tt0050032</imdb>
  <tvdb>50825</tvdb>
  <tvshowtitle>Leave It To Beaver</tvshowtitle>
  <year>1961</year>
  <title></title>
  <premiered></premiered>
  <season>5</season>
  <episode></episode>
  <summary>Beaver agrees to help Richard cart his family's clothes down to the laundromat, however, half way there they discover that Richard has lost the three dollars his mother gave him. This leads him to ask Beaver if he could use the Cleaver washer. They soon find themselves in another jam when the washing machine overflows after Beaver put in too much soap and starch.</summary>
</meta>
<link>https://archive.org/download/leave.it.to.beaver.complete.series/Season%205/Leave%20It%20To%20Beaver%20-%20S05E25%20-%20Beaver%27s%20Laundry.mp4</link>
<animated_thumbnail></animated_thumbnail>
<thumbnail>https://www.thetvdb.com/banners/episodes/71575/51005.jpg</thumbnail>
<animated_fanart></animated_fanart>
<fanart></fanart>
</item>

<item>
<title>26. Lumpy's Car Trouble</title>
<meta>
  <content>episode</content>
  <imdb>tt0050032</imdb>
  <tvdb>50825</tvdb>
  <tvshowtitle>Leave It To Beaver</tvshowtitle>
  <year>1961</year>
  <title></title>
  <premiered></premiered>
  <season>5</season>
  <episode></episode>
  <summary>Ward allows his car to be driven by Lumpy who must get Eddie, Wally and Beaver to a sporting event in a neighboring town. However, on the way back, Lumpy disobeys Ward's orders and takes a shortcut home.</summary>
</meta>
<link>https://archive.org/download/leave.it.to.beaver.complete.series/Season%205/Leave%20It%20To%20Beaver%20-%20S05E26%20-%20Lumpy%27s%20Car%20Trouble.mp4</link>
<animated_thumbnail></animated_thumbnail>
<thumbnail>https://www.thetvdb.com/banners/episodes/71575/51006.jpg</thumbnail>
<animated_fanart></animated_fanart>
<fanart></fanart>
</item>

<item>
<title>27. Beaver the Babysitter</title>
<meta>
  <content>episode</content>
  <imdb>tt0050032</imdb>
  <tvdb>50825</tvdb>
  <tvshowtitle>Leave It To Beaver</tvshowtitle>
  <year>1961</year>
  <title></title>
  <premiered></premiered>
  <season>5</season>
  <episode></episode>
  <summary>When Wally has a previous engagement and is unable to babysit, Beaver fills in and quickly finds himself the object of a 10-year old's affection.</summary>
</meta>
<link>https://archive.org/download/leave.it.to.beaver.complete.series/Season%205/Leave%20It%20To%20Beaver%20-%20S05E29%20-%20Beaver%27s%20Typewriter.mp4</link>
<animated_thumbnail></animated_thumbnail>
<thumbnail>https://www.thetvdb.com/banners/episodes/71575/51007.jpg</thumbnail>
<animated_fanart></animated_fanart>
<fanart></fanart>
</item>

<item>
<title>28. The Younger Brother</title>
<meta>
  <content>episode</content>
  <imdb>tt0050032</imdb>
  <tvdb>50825</tvdb>
  <tvshowtitle>Leave It To Beaver</tvshowtitle>
  <year>1961</year>
  <title></title>
  <premiered></premiered>
  <season>5</season>
  <episode></episode>
  <summary>Beaver decides to join the basketball team but finds himself trying to live up to Wally's performance. However, after not making the team, Beaver allows his family to believe that he did.</summary>
</meta>
<link>https://archive.org/download/leave.it.to.beaver.complete.series/Season%205/Leave%20It%20To%20Beaver%20-%20S05E28%20-%20The%20Younger%20Brother.mp4</link>
<animated_thumbnail></animated_thumbnail>
<thumbnail>https://www.thetvdb.com/banners/episodes/71575/51008.jpg</thumbnail>
<animated_fanart></animated_fanart>
<fanart></fanart>
</item>

<item>
<title>29. Beaver's Typewriter</title>
<meta>
  <content>episode</content>
  <imdb>tt0050032</imdb>
  <tvdb>50825</tvdb>
  <tvshowtitle>Leave It To Beaver</tvshowtitle>
  <year>1961</year>
  <title></title>
  <premiered></premiered>
  <season>5</season>
  <episode></episode>
  <summary>Seeing an ad for typewriters on sale, Beaver talks his parents into letting him get one as long as he learns how to use it. However, Beaver discovers learning to type is not as easy as it looks and soon finds himself making a deal with the shady Eddie Haskell.</summary>
</meta>
<link>https://archive.org/download/leave.it.to.beaver.complete.series/Season%205/Leave%20It%20To%20Beaver%20-%20S05E29%20-%20Beaver%27s%20Typewriter.mp4</link>
<animated_thumbnail></animated_thumbnail>
<thumbnail>https://www.thetvdb.com/banners/episodes/71575/51009.jpg</thumbnail>
<animated_fanart></animated_fanart>
<fanart></fanart>
</item>

<item>
<title>30. The Merchant Marine</title>
<meta>
  <content>episode</content>
  <imdb>tt0050032</imdb>
  <tvdb>50825</tvdb>
  <tvshowtitle>Leave It To Beaver</tvshowtitle>
  <year>1961</year>
  <title></title>
  <premiered></premiered>
  <season>5</season>
  <episode></episode>
  <summary>Ward comes down hard on Wally after he comes home two hours late, this fuels June and Ward's suspicions that Wally is contemplating joing the merchant Marines. June had discovered some pamphlets hidden in his dresser drawer. However, little does anyone know, Wally has been getting the information for Lumpy who's seriously thinking of joining.</summary>
</meta>
<link>https://archive.org/download/leave.it.to.beaver.complete.series/Season%205/Leave%20It%20To%20Beaver%20-%20S05E30%20-%20The%20Merchant%20Marine.mp4</link>
<animated_thumbnail></animated_thumbnail>
<thumbnail>https://www.thetvdb.com/banners/episodes/71575/51010.jpg</thumbnail>
<animated_fanart></animated_fanart>
<fanart></fanart>
</item>

<item>
<title>31. Brother Versus Brother</title>
<meta>
  <content>episode</content>
  <imdb>tt0050032</imdb>
  <tvdb>50825</tvdb>
  <tvshowtitle>Leave It To Beaver</tvshowtitle>
  <year>1961</year>
  <title></title>
  <premiered></premiered>
  <season>5</season>
  <episode></episode>
  <summary>Beaver gets a new girl in his class and is instantly smitten. He begins walking her home from school but he soon realizes that the girl has an agenda on her mind. Her sole purpose is to get close to Beaver in order to get close to Wally. This leads Beaver to accuse Wally of stealing his girl.</summary>
</meta>
<link>https://archive.org/download/leave.it.to.beaver.complete.series/Season%205/Leave%20It%20To%20Beaver%20-%20S05E31%20-%20Brother%20Vs.%20Brother.mp4</link>
<animated_thumbnail></animated_thumbnail>
<thumbnail>https://www.thetvdb.com/banners/episodes/71575/51011.jpg</thumbnail>
<animated_fanart></animated_fanart>
<fanart></fanart>
</item>

<item>
<title>32. The Yard Birds</title>
<meta>
  <content>episode</content>
  <imdb>tt0050032</imdb>
  <tvdb>50825</tvdb>
  <tvshowtitle>Leave It To Beaver</tvshowtitle>
  <year>1961</year>
  <title></title>
  <premiered></premiered>
  <season>5</season>
  <episode></episode>
  <summary>Ward doesn't take any excuses when he puts his foot down and demands that Wally and Beaver clean the yard. They each reluctantly cancel their plans with Richard and Eddie and get to work but soon find themselves with distractions. This causes them to miss the deadline to call the hauler who is suppose to take all the yard waste away and this leads them to pay Eddie and Lumpy to take care of it.</summary>
</meta>
<link>https://archive.org/download/leave.it.to.beaver.complete.series/Season%205/Leave%20It%20To%20Beaver%20-%20S05E32%20-%20Yard%20Birds.mp4</link>
<animated_thumbnail></animated_thumbnail>
<thumbnail>https://www.thetvdb.com/banners/episodes/71575/51012.jpg</thumbnail>
<animated_fanart></animated_fanart>
<fanart></fanart>
</item>

<item>
<title>33. Tennis, Anyone?</title>
<meta>
  <content>episode</content>
  <imdb>tt0050032</imdb>
  <tvdb>50825</tvdb>
  <tvshowtitle>Leave It To Beaver</tvshowtitle>
  <year>1961</year>
  <title></title>
  <premiered></premiered>
  <season>5</season>
  <episode></episode>
  <summary>Wally finds himself smack dab in the middle of a lover's quarrel when a woman tries to make her estranged boyfriend jealous by continually making tennis dates with Wally. Wally finds himself in an awkward position when the boyfriend threatens him.</summary>
</meta>
<link>https://archive.org/download/leave.it.to.beaver.complete.series/Season%205/Leave%20It%20To%20Beaver%20-%20S05E33%20-%20Tennis%20Anyone.mp4</link>
<animated_thumbnail></animated_thumbnail>
<thumbnail>https://www.thetvdb.com/banners/episodes/71575/51013.jpg</thumbnail>
<animated_fanart></animated_fanart>
<fanart></fanart>
</item>

<item>
<title>34. One of the Boys</title>
<meta>
  <content>episode</content>
  <imdb>tt0050032</imdb>
  <tvdb>50825</tvdb>
  <tvshowtitle>Leave It To Beaver</tvshowtitle>
  <year>1961</year>
  <title></title>
  <premiered></premiered>
  <season>5</season>
  <episode></episode>
  <summary>Wally and Eddie are finally invited to join the barons, the high school's most exclusive club.</summary>
</meta>
<link>https://archive.org/download/leave.it.to.beaver.complete.series/Season%205/Leave%20It%20To%20Beaver%20-%20S05E34%20-%20One%20of%20the%20Boys.mp4</link>
<animated_thumbnail></animated_thumbnail>
<thumbnail>https://www.thetvdb.com/banners/episodes/71575/51014.jpg</thumbnail>
<animated_fanart></animated_fanart>
<fanart></fanart>
</item>

<item>
<title>35. Sweatshirt Monsters</title>
<meta>
  <content>episode</content>
  <imdb>tt0050032</imdb>
  <tvdb>50825</tvdb>
  <tvshowtitle>Leave It To Beaver</tvshowtitle>
  <year>1961</year>
  <title></title>
  <premiered></premiered>
  <season>5</season>
  <episode></episode>
  <summary>Beaver, Richard, Whitey and Alan each buy sweatshirts that have monster faces on the front of them. They like them so much they each decide to wear them to school the next day. However, each one finds that their parents forbid them from wearing such hideous sweatshirts to school. However, Beaver manages to sneak out of the house with his on.</summary>
</meta>
<link>https://archive.org/download/leave.it.to.beaver.complete.series/Season%205/Leave%20It%20To%20Beaver%20-%20S05E35%20-%20Sweatshirt%20Monsters.mp4</link>
<animated_thumbnail></animated_thumbnail>
<thumbnail>https://www.thetvdb.com/banners/episodes/71575/51015.jpg</thumbnail>
<animated_fanart></animated_fanart>
<fanart></fanart>
</item>

<item>
<title>36. A Night in the Woods</title>
<meta>
  <content>episode</content>
  <imdb>tt0050032</imdb>
  <tvdb>50825</tvdb>
  <tvshowtitle>Leave It To Beaver</tvshowtitle>
  <year>1961</year>
  <title></title>
  <premiered></premiered>
  <season>5</season>
  <episode></episode>
  <summary>Beaver and his friends are all psyched to go on a camping trip with Gilbert's father as an escort. However, when Gilbert's father suddenly has to work and everyone is down in the dumps that is until Wally agrees to take them. Meanwhile, Eddie and Lumpy decide to secretly tag along and scare the boys with animal noises.</summary>
</meta>
<link>https://archive.org/download/leave.it.to.beaver.complete.series/Season%205/Leave%20It%20To%20Beaver%20-%20S05E36%20-%20A%20Night%20in%20the%20Woods.mp4</link>
<animated_thumbnail></animated_thumbnail>
<thumbnail>https://www.thetvdb.com/banners/episodes/71575/51016.jpg</thumbnail>
<animated_fanart></animated_fanart>
<fanart></fanart>
</item>

<item>
<title>37. Long Distance Call</title>
<meta>
  <content>episode</content>
  <imdb>tt0050032</imdb>
  <tvdb>50825</tvdb>
  <tvshowtitle>Leave It To Beaver</tvshowtitle>
  <year>1961</year>
  <title></title>
  <premiered></premiered>
  <season>5</season>
  <episode></episode>
  <summary>Beaver and his friends decide to make a call to California to talk to Don Drysdale and they agree to chip in on the cost of the call, assuming that it's only going to be a couple dollars. However, when they're put on hold, the cost quickly jumps up to $9.00.</summary>
</meta>
<link>https://archive.org/download/leave.it.to.beaver.complete.series/Season%205/Leave%20It%20To%20Beaver%20-%20S05E37%20-%20Long%20Distance%20Call.mp4</link>
<animated_thumbnail></animated_thumbnail>
<thumbnail>https://www.thetvdb.com/banners/episodes/71575/51017.jpg</thumbnail>
<animated_fanart></animated_fanart>
<fanart></fanart>
</item>

<item>
<title>38. Stocks and Bonds</title>
<meta>
  <content>episode</content>
  <imdb>tt0050032</imdb>
  <tvdb>50825</tvdb>
  <tvshowtitle>Leave It To Beaver</tvshowtitle>
  <year>1961</year>
  <title></title>
  <premiered></premiered>
  <season>5</season>
  <episode></episode>
  <summary>Beaver and Wally become interested in the stock market and Ward decides that they should try their hand at it. However, Wally and Beaver have different ideas about what to invest in compared to Ward who wants them to play it safe and invest in Mayfield Power and Electric, while they want to invest in a more risky venture.</summary>
</meta>
<link>https://archive.org/download/leave.it.to.beaver.complete.series/Season%205/Leave%20It%20To%20Beaver%20-%20S05E38%20-%20Stocks%20and%20Bonds.mp4</link>
<animated_thumbnail></animated_thumbnail>
<thumbnail>https://www.thetvdb.com/banners/episodes/71575/51018.jpg</thumbnail>
<animated_fanart></animated_fanart>
<fanart></fanart>
</item>

<item>
<title>39. Un-Togetherness</title>
<meta>
  <content>episode</content>
  <imdb>tt0050032</imdb>
  <tvdb>50825</tvdb>
  <tvshowtitle>Leave It To Beaver</tvshowtitle>
  <year>1961</year>
  <title></title>
  <premiered></premiered>
  <season>5</season>
  <episode></episode>
  <summary>The Cleavers are all excited about their annual summer vacation up to the cabin, that is except Wally. Wanting to be close to his latest girl, Wally wants to stay behind and gets permission to stay at Eddie's house during the two weeks the Cleavers are on vacation, but June and Ward are a bit unsure of Wally's plans.</summary>
</meta>
<link>https://archive.org/download/leave.it.to.beaver.complete.series/Season%205/Leave%20It%20To%20Beaver%20-%20S05E39%20-%20Un-Togetherness.mp4</link>
<animated_thumbnail></animated_thumbnail>
<thumbnail>https://www.thetvdb.com/banners/episodes/71575/51019.jpg</thumbnail>
<animated_fanart></animated_fanart>
<fanart></fanart>
</item>