<item>
<title>S08E08 - The First Seven Years (1930)</title>
<link>https://www.dailymotion.com/video/x3sjqiv</link>
<thumbnail>https://www.thetvdb.com/banners/episodes/70572/13010.jpg</thumbnail>
<fanart></fanart>
</item>

<item>
<title>S14E07 - Second Childhood (1936)</title>
<link>https://www.dailymotion.com/video/x3w1y0j</link>
<thumbnail>https://www.thetvdb.com/banners/episodes/70572/13058.jpg</thumbnail>
<fanart></fanart>
</item>

<item>
<title>S07E10 - Small Talk (1929)</title>
<link>https://www.dailymotion.com/video/x6k9i44</link>
<description>The gang lives in an orphanage, where Mary Ann plays mother to little brother Wheezer. When a kindly woman adopts Wheezer, Mary Ann's heart is broken. The gang joins her in visiting Wheezer, where they get into trouble by setting off the burglar and fire alarms in the woman's posh home.</description>
<thumbnail>https://www.thetvdb.com/banners/episodes/70572/13000.jpg</thumbnail>
<fanart></fanart>
</item>

<item>
<title>S13E06 - Came The Brawn (1938)</title>
<link>https://www.dailymotion.com/video/x3x7pmz</link>
<thumbnail>https://www.thetvdb.com/banners/episodes/70572/13080.jpg</thumbnail>
<fanart></fanart>
</item>

<item>
<title>S16E09 - Beginner's Luck (1935)</title>
<link>https://www.dailymotion.com/video/x3uzxri</link>
<thumbnail>https://www.thetvdb.com/banners/episodes/70572/13049.jpg</thumbnail>
<fanart></fanart>
</item>

<item>
<title>S10E09 - Spanky (1932)</title>
<link>https://www.dailymotion.com/video/x3tfr8z</link>
<thumbnail>https://www.thetvdb.com/banners/episodes/70572/13027.jpg</thumbnail>
<fanart></fanart>
</item>

<item>
<title>S09E01 - Dogs Is Dogs (1930)</title>
<link>https://www.dailymotion.com/video/x3tfr8t</link>
<thumbnail>https://www.thetvdb.com/banners/episodes/70572/13014.jpg</thumbnail>
<fanart></fanart>
</item>

<item>
<title>S10E02 - Shiver My Timbers (1931)</title>
<link>https://www.dailymotion.com/video/x3tfr8r</link>
<thumbnail>https://www.thetvdb.com/banners/episodes/70572/13023.jpg</thumbnail>
<fanart></fanart>
</item>

<item>
<title>S11E05 - Fish Hooky (1933)</title>
<link>https://www.dailymotion.com/video/x3u23w0</link>
<thumbnail>https://www.thetvdb.com/banners/episodes/70572/13034.jpg</thumbnail>
<fanart></fanart>
</item>

<item>
<title>S10E04 - Readin' And Writin (1932)</title>
<link>https://www.dailymotion.com/video/x3tfr8v</link>
<thumbnail>https://www.thetvdb.com/banners/episodes/70572/13025.jpg</thumbnail>
<fanart></fanart>
</item>

<item>
<title>S04E10 - Thundering Fleas (1926)</title>
<link>https://www.dailymotion.com/video/x27b8b8</link>
<thumbnail>https://www.thetvdb.com/banners/episodes/70572/12965.jpg</thumbnail>
<fanart></fanart>
</item>

<item>
<title>S08E04 - Bouncing Babies (1929)</title>
<link>https://www.dailymotion.com/video/x3sa1px</link>
<thumbnail>https://www.thetvdb.com/banners/episodes/70572/13006.jpg</thumbnail>
<fanart></fanart>
</item>

<item>
<title>S10E05 - Free Eats (1932)</title>
<link>https://www.dailymotion.com/video/x68vkqx</link>
<thumbnail>https://www.thetvdb.com/banners/episodes/70572/13026.jpg</thumbnail>
<fanart></fanart>
</item>

<item>
<title>S13E07 - Teacher's Beau (1935)</title>
<link>https://www.dailymotion.com/video/x3uzxrk</link>
<thumbnail>https://www.thetvdb.com/banners/episodes/70572/13050.jpg</thumbnail>
<fanart></fanart>
</item>

<item>
<title>S12E02 - Wild Poses (1933)</title>
<link>https://www.dailymotion.com/video/x3uj2m5</link>
<thumbnail>https://www.thetvdb.com/banners/episodes/70572/13039.jpg</thumbnail>
<fanart></fanart>
</item>

<item>
<title>S13E04 - Shrimps For A Day (1934)</title>
<link>https://www.dailymotion.com/video/x3urzsc</link>
<thumbnail>https://www.thetvdb.com/banners/episodes/70572/13047.jpg</thumbnail>
<fanart></fanart>
</item>

<item>
<title>S12E03 - Hi'-Neighbor! (1934)</title>
<link>https://www.dailymotion.com/video/x3uj2m6</link>
<thumbnail>https://www.thetvdb.com/banners/episodes/70572/13040.jpg</thumbnail>
<fanart></fanart>
</item>

<item>
<title>S12E01 - Bedtime Worries (1933)</title>
<link>https://www.dailymotion.com/video/x3uj2m4</link>
<thumbnail>https://www.thetvdb.com/banners/episodes/70572/13038.jpg</thumbnail>
<fanart></fanart>
</item>

<item>
<title>S08E09 - When The Wind Blows (1930)</title>
<link>https://www.dailymotion.com/video/x3sjqiw</link>
<thumbnail>https://www.thetvdb.com/banners/episodes/70572/13011.jpg</thumbnail>
<fanart></fanart>
</item>

<item>
<title>S08E06 - Moan & Groan, Inc. (1929)</title>
<link>https://www.dailymotion.com/video/x3sa1py</link>
<thumbnail>https://www.thetvdb.com/banners/episodes/70572/13008.jpg</thumbnail>
<fanart></fanart>
</item>

<item>
<title>S14E03 - Our Gang Follies (1935)</title>
<link>https://www.dailymotion.com/video/x67tevh</link>
<thumbnail>https://www.thetvdb.com/banners/episodes/70572/13054.jpg</thumbnail>
<fanart></fanart>
</item>

<item>
<title>S12E05 - The First Round-Up (1934)</title>
<link>https://www.dailymotion.com/video/x3urzs8</link>
<thumbnail>https://www.thetvdb.com/banners/episodes/70572/13042.jpg</thumbnail>
<fanart></fanart>
</item>

<item>
<title>S11E02 - Free Wheeling (1932)</title>
<link>https://www.dailymotion.com/video/x3u23vv</link>
<thumbnail>https://www.thetvdb.com/banners/episodes/70572/13031.jpg</thumbnail>
<fanart></fanart>
</item>

<item>
<title>S09E02 - Teacher's Pet (1930)</title>
<link>https://www.dailymotion.com/video/x3sjqiz</link>
<thumbnail>https://www.thetvdb.com/banners/episodes/70572/13015.jpg</thumbnail>
<fanart></fanart>
</item>

<item>
<title>S08E11 - A Tough Winter (1930)</title>
<link>https://www.dailymotion.com/video/x3sjqix</link>
<thumbnail>https://www.thetvdb.com/banners/episodes/70572/13013.jpg</thumbnail>
<fanart></fanart>
</item>

<item>
<title>S16E06 - Canned Fishing (1938)</title>
<link>https://www.dailymotion.com/video/x3xsmv5</link>
<thumbnail>https://www.thetvdb.com/banners/episodes/70572/13077.jpg</thumbnail>
<fanart></fanart>
</item>

<item>
<title>S16E12 - Hide And Shriek (1938)</title>
<link>https://www.dailymotion.com/video/x3x7rnc</link>
<thumbnail>https://www.thetvdb.com/banners/episodes/70572/13083.jpg</thumbnail>
<fanart></fanart>
</item>

<item>
<title>S16E11 - The Awful Tooth (1938)</title>
<link>https://www.dailymotion.com/video/x3x7rko</link>
<thumbnail>https://www.thetvdb.com/banners/episodes/70572/13082.jpg</thumbnail>
<fanart></fanart>
</item>

<item>
<title>S16E10 - Feed 'Em And Weep  (1938)</title>
<link>https://www.dailymotion.com/video/x3x7pn0</link>
<thumbnail>https://www.thetvdb.com/banners/episodes/70572/13081.jpg</thumbnail>
<fanart></fanart>
</item>

<item>
<title>S16E08 - Three Men In A Tub (1938)</title>
<link>https://www.dailymotion.com/video/x3x7pmy</link>
<thumbnail>https://www.thetvdb.com/banners/episodes/70572/13079.jpg</thumbnail>
<fanart></fanart>
</item>

<item>
<title>S16E03 - The Pigskin Palooka  (1938)</title>
<link>https://www.dailymotion.com/video/x3x7n35</link>
<thumbnail>https://www.thetvdb.com/banners/episodes/70572/13074.jpg</thumbnail>
<fanart></fanart>
</item>

<item>
<title>S16E02 - Framing Youth (1937)</title>
<link>https://www.dailymotion.com/video/x3x7n34</link>
<thumbnail>https://www.thetvdb.com/banners/episodes/70572/13073.jpg</thumbnail>
<fanart></fanart>
</item>

<item>
<title>S13E08 - Sprucin' Up (1935)</title>
<link>https://www.dailymotion.com/video/x3uzxrm</link>
<thumbnail>https://www.thetvdb.com/banners/episodes/70572/13051.jpg</thumbnail>
<fanart></fanart>
</item>

<item>
<title>S13E05 - Anniversary Trouble (1935)</title>
<link>https://www.dailymotion.com/video/x3uzxrg</link>
<thumbnail>https://www.thetvdb.com/banners/episodes/70572/13048.jpg</thumbnail>
<fanart></fanart>
</item>

<item>
<title>S11E08 - Mush And Milk (1933)</title>
<link>https://www.dailymotion.com/video/x3uj2m3</link>
<thumbnail>https://www.thetvdb.com/banners/episodes/70572/13037.jpg</thumbnail>
<fanart></fanart>
</item>

<item>
<title>S09E08 - Fly My Kite (1931)</title>
<link>https://www.dailymotion.com/video/x3t3huv</link>
<thumbnail>https://www.thetvdb.com/banners/episodes/70572/13021.jpg</thumbnail>
<fanart></fanart>
</item>

<item>
<title>S09E06 - Little Daddy (1931)</title>
<link>https://www.dailymotion.com/video/x3t3hut</link>
<thumbnail>https://www.thetvdb.com/banners/episodes/70572/13019.jpg</thumbnail>
<fanart></fanart>
</item>

<item>
<title>S16E01 - Fishy Tales (1937)</title>
<link>https://www.dailymotion.com/video/x6cicn6</link>
<thumbnail>https://www.thetvdb.com/banners/episodes/70572/13072.jpg</thumbnail>
<fanart></fanart>
</item>

<item>
<title>S15E03 - Pay As You Exit (1936)</title>
<link>https://www.dailymotion.com/video/x6919mv</link>
<thumbnail>https://www.thetvdb.com/banners/episodes/70572/13062.jpg</thumbnail>
<fanart></fanart>
</item>

<item>
<title>S09E05 - Love Business (1931)</title>
<link>https://www.dailymotion.com/video/x3t3hur</link>
<thumbnail>https://www.thetvdb.com/banners/episodes/70572/13018.jpg</thumbnail>
<fanart></fanart>
</item>

<item>
<title>S00E13 - Spook Spoofing (1928)</title>
<link>https://www.dailymotion.com/video/x3xsmv7</link>
<thumbnail>special://home/addons/plugin.video.kidscove/images/littlerascals1.gif</thumbnail>
<fanart></fanart>
</item>

<item>
<title>S11E06 - Forgotten Babies (1933)</title>
<link>https://www.dailymotion.com/video/x3uj2m1</link>
<thumbnail>https://www.thetvdb.com/banners/episodes/70572/13035.jpg</thumbnail>
<fanart></fanart>
</item>

<item>
<title>S11E05 - Fish Hooky (1933)</title>
<link>https://www.dailymotion.com/video/x3u23w0</link>
<thumbnail>https://www.thetvdb.com/banners/episodes/70572/13034.jpg</thumbnail>
<fanart></fanart>
</item>

<item>
<title>S11E03 - Birthday Blues (1932)</title>
<link>https://www.dailymotion.com/video/x3u23vw</link>
<thumbnail>https://www.thetvdb.com/banners/episodes/70572/13032.jpg</thumbnail>
<fanart></fanart>
</item>

<item>
<title>S11E01 - Hook And Ladder (1932)</title>
<link>https://www.dailymotion.com/video/x3u23vu</link>
<thumbnail>https://www.thetvdb.com/banners/episodes/70572/13030.jpg</thumbnail>
<fanart></fanart>
</item>

<item>
<title>S09E04 - Helping Grandma (1930)</title>
<link>https://www.dailymotion.com/video/x3t3hup</link>
<thumbnail>https://www.thetvdb.com/banners/episodes/70572/13017.jpg</thumbnail>
<fanart></fanart>
</item>

<item>
<title>S07E12 - Railroadin' (1929)</title>
<link>https://www.dailymotion.com/video/x3sa1pt</link>
<thumbnail>https://www.thetvdb.com/banners/episodes/70572/13002.jpg</thumbnail>
<fanart></fanart>
</item>

<item>
<title>S12E06 - Honky-Donkey (1934)</title>
<link>https://www.dailymotion.com/video/x3urzs9</link>
<thumbnail>https://www.thetvdb.com/banners/episodes/70572/13043.jpg</thumbnail>
<fanart></fanart>
</item>

<item>
<title>S09E07 - Bargain Day (1931)</title>
<link>https://www.dailymotion.com/video/x3t3huu</link>
<thumbnail>https://www.thetvdb.com/banners/episodes/70572/13020.jpg</thumbnail>
<fanart></fanart>
</item>

<item>
<title>S01E14 - Dogs of War! (1923)</title>
<link>https://www.dailymotion.com/video/x2rq4io</link>
<thumbnail>special://home/addons/plugin.video.kidscove/images/littlerascals1.gif</thumbnail>
<fanart></fanart>
</item>

<item>
<title>S15E08 - Hearts Are Thumps (1937)</title>
<link>https://www.dailymotion.com/video/x6klww4</link>
<thumbnail>https://www.thetvdb.com/banners/episodes/70572/13067.jpg</thumbnail>
<fanart></fanart>
</item>

<item>
<title>S15E01 - Bored Of Education  (1936)</title>
<link>https://www.dailymotion.com/video/x3w1y0l</link>
<thumbnail>https://www.thetvdb.com/banners/episodes/70572/13060.jpg</thumbnail>
<fanart></fanart>
</item>

<item>
<title>S08E01 - Lazy Days (1929)</title>
<link>https://www.dailymotion.com/video/x3sa1pu</link>
<thumbnail>https://www.thetvdb.com/banners/episodes/70572/13003.jpg</thumbnail>
<fanart></fanart>
</item>

<item>
<title>S14E01 - Little Papa (1935)</title>
<link>https://www.dailymotion.com/video/x3uzxro</link>
<thumbnail>https://www.thetvdb.com/banners/episodes/70572/13052.jpg</thumbnail>
<fanart></fanart>
</item>

<item>
<title>S13E03 - Mama's Little Pirate  (1934)</title>
<link>https://www.dailymotion.com/video/x3urzsb</link>
<thumbnail>https://www.thetvdb.com/banners/episodes/70572/13046.jpg</thumbnail>
<fanart></fanart>
</item>

<item>
<title>S12E04 - For Pete's Sake (1934)</title>
<link>https://www.dailymotion.com/video/x3urzs7</link>
<thumbnail>https://www.thetvdb.com/banners/episodes/70572/13041.jpg</thumbnail>
<fanart></fanart>
</item>

<item>
<title>S08E02 - Boxing Gloves (1929)</title>
<link>https://www.dailymotion.com/video/x3sa1pw</link>
<thumbnail>https://www.thetvdb.com/banners/episodes/70572/13004.jpg</thumbnail>
<fanart></fanart>
</item>

<item>
<title>S16E04 - Mail And Female (1937)</title>
<link>https://www.dailymotion.com/video/x3x7n36</link>
<thumbnail>https://www.thetvdb.com/banners/episodes/70572/13075.jpg</thumbnail>
<fanart></fanart>
</item>

<item>
<title>S15E12 - Night 'n' Gales (1937)</title>
<link>https://www.dailymotion.com/video/x3x7n31</link>
<thumbnail>https://www.thetvdb.com/banners/episodes/70572/13071.jpg</thumbnail>
<fanart></fanart>
</item>

<item>
<title>S14E06 - The Lucky Corner (1936)</title>
<link>https://www.dailymotion.com/video/x3w1y0h</link>
<thumbnail>https://www.thetvdb.com/banners/episodes/70572/13057.jpg</thumbnail>
<fanart></fanart>
</item>

<item>
<title>S14E05 - Divot Diggers (1936)</title>
<link>https://www.dailymotion.com/video/x3w1y0g</link>
<thumbnail>https://www.thetvdb.com/banners/episodes/70572/13056.jpg</thumbnail>
<fanart></fanart>
</item>

<item>
<title>S14E02 - Little Sinner (1935)</title>
<link>https://www.dailymotion.com/video/x3uzxrq</link>
<thumbnail>https://www.thetvdb.com/banners/episodes/70572/13053.jpg</thumbnail>
<fanart></fanart>
</item>

<item>
<title>S13E02 - Washee Ironee (1934)</title>
<link>https://www.dailymotion.com/video/x3urzsa</link>
<thumbnail>https://www.thetvdb.com/banners/episodes/70572/13045.jpg</thumbnail>
<fanart></fanart>
</item>

<item>
<title>S00E12 - Dog Heaven (1927)</title>
<link>https://www.dailymotion.com/video/x3xsmv6</link>
<thumbnail>special://home/addons/plugin.video.kidscove/images/littlerascals1.gif</thumbnail>
<fanart></fanart>
</item>

<item>
<title>S15E02 - Two Too Young (1936)</title>
<link>https://www.dailymotion.com/video/x3ws8yp</link>
<thumbnail>https://www.thetvdb.com/banners/episodes/70572/13061.jpg</thumbnail>
<fanart></fanart>
</item>

<item>
<title>S15E09 - Rushin' Ballet (1937)</title>
<link>https://www.dailymotion.com/video/x6b8d7m</link>
<thumbnail>https://www.thetvdb.com/banners/episodes/70572/13068.jpg</thumbnail>
<fanart></fanart>
</item>

<item>
<title>S08E10 - Bear Shooters (1930)</title>
<link>https://www.dailymotion.com/video/x6a8p9s</link>
<thumbnail>https://www.thetvdb.com/banners/episodes/70572/13012.jpg</thumbnail>
<fanart></fanart>
</item>

<item>
<title>More Lost Treasures - About the Little Rascals (Our Gang)</title>
<link>https://www.dailymotion.com/video/x2vmcwu</link>
<thumbnail>special://home/addons/plugin.video.kidscove/images/littlerascals1.gif</thumbnail>
<fanart></fanart>
</item>
