# Created by Papaw
<dir>
<name>Season 1</name>
<meta>
  <content>season</content>
  <imdb>tt0050032</imdb>
  <tvdb>71575</tvdb>
  <tvshowtitle>Leave It To Beaver</tvshowtitle>
  <year>1957</year>
  <season>1</season>
</meta>
<link>file://shared lists/leaveittobeaver01.xml</link>
<animated_thumbnail></animated_thumbnail>
<thumbnail>https://www.thetvdb.com/banners/seasons/71575-1-3.jpg</thumbnail>
<animated_fanart></animated_fanart>
<fanart></fanart>
</dir>


<dir>
<name>Season 2</name>
<meta>
  <content>season</content>
  <imdb>tt0050032</imdb>
  <tvdb>71575</tvdb>
  <tvshowtitle>Leave It To Beaver</tvshowtitle>
  <year>1958</year>
  <season>2</season>
</meta>
<link>file://shared lists/leaveittobeaver02.xml</link>
<animated_thumbnail></animated_thumbnail>
<thumbnail>https://www.thetvdb.com/banners/seasons/71575-2-4.jpg</thumbnail>
<animated_fanart></animated_fanart>
<fanart></fanart>
</dir>

<dir>
<name>Season 3</name>
<meta>
  <content>season</content>
  <imdb>tt0050032</imdb>
  <tvdb>71575</tvdb>
  <tvshowtitle>Leave It To Beaver</tvshowtitle>
  <year>1959</year>
  <season>3</season>
</meta>
<link>file://shared lists/leaveittobeaver03.xml</link>
<animated_thumbnail></animated_thumbnail>
<thumbnail>https://www.thetvdb.com/banners/seasons/71575-3-3.jpg</thumbnail>
<animated_fanart></animated_fanart>
<fanart></fanart>
</dir>

<dir>
<name>Season 4</name>
<meta>
  <content>season</content>
  <imdb>tt0050032</imdb>
  <tvdb>71575</tvdb>
  <tvshowtitle>Leave It To Beaver</tvshowtitle>
  <year>1960</year>
  <season>4</season>
</meta>
<link>file://shared lists/leaveittobeaver04.xml</link>
<animated_thumbnail></animated_thumbnail>
<thumbnail>https://www.thetvdb.com/banners/seasons/71575-4-3.jpg</thumbnail>
<animated_fanart></animated_fanart>
<fanart></fanart>
</dir>

<dir>
<name>Season 5</name>
<meta>
  <content>season</content>
  <imdb>tt0050032</imdb>
  <tvdb>71575</tvdb>
  <tvshowtitle>Leave It To Beaver</tvshowtitle>
  <year>1961</year>
  <season>5</season>
</meta>
<link>file://shared lists/leaveittobeaver05.xml</link>
<animated_thumbnail></animated_thumbnail>
<thumbnail>https://www.thetvdb.com/banners/seasons/71575-5-3.jpg</thumbnail>
<animated_fanart></animated_fanart>
<fanart></fanart>
</dir>

<dir>
<name>Season 6</name>
<meta>
  <content>season</content>
  <imdb>tt0050032</imdb>
  <tvdb>71575</tvdb>
  <tvshowtitle>Leave It To Beaver</tvshowtitle>
  <year>1962</year>
  <season>6</season>
</meta>
<link>file://shared lists/leaveittobeaver06.xml</link>
<animated_thumbnail></animated_thumbnail>
<thumbnail>https://www.thetvdb.com/banners/seasons/71575-6-3.jpg</thumbnail>
<animated_fanart></animated_fanart>
<fanart></fanart>
</dir>