<item>
<title>01. Wally's Dinner Date</title>
<meta>
  <content>episode</content>
  <imdb>tt0050032</imdb>
  <tvdb>50825</tvdb>
  <tvshowtitle>Leave It To Beaver</tvshowtitle>
  <year>1962</year>
  <title></title>
  <premiered></premiered>
  <season>6</season>
  <episode></episode>
  <summary>Wally has been constantly spending his time at Julie Foster's house and June suggests that he's old enough to take her out on a dinner date. Julie suggests a new expensive restaurant called The White Fox. However, during the meal Wally discovers that he forgot his wallet at home.</summary>
</meta>
<link>https://archive.org/download/leave.it.to.beaver.complete.series/Season%206/Leave%20It%20To%20Beaver%20-%20S06E01%20-%20Wally%27s%20Dinner%20Date.mp4</link>
<animated_thumbnail></animated_thumbnail>
<thumbnail>https://www.thetvdb.com/banners/episodes/71575/51020.jpg</thumbnail>
<animated_fanart></animated_fanart>
<fanart></fanart>
</item>

<item>
<title>02. Beaver's Football Award</title>
<meta>
  <content>episode</content>
  <imdb>tt0050032</imdb>
  <tvdb>50825</tvdb>
  <tvshowtitle>Leave It To Beaver</tvshowtitle>
  <year>1962</year>
  <title></title>
  <premiered></premiered>
  <season>6</season>
  <episode></episode>
  <summary>Beaver is scheduled to recieve a football award at a father son dinner being held in the school gym. While talking with his friends, Beaver learns that none of them are planning on wearing a jacket and a tie so when June and Ward insist that he wear one, he adamently refuses.</summary>
</meta>
<link>https://archive.org/download/leave.it.to.beaver.complete.series/Season%206/Leave%20It%20To%20Beaver%20-%20S06E02%20-%20Beaver%27s%20Football%20Award.mp4</link>
<animated_thumbnail></animated_thumbnail>
<thumbnail>https://www.thetvdb.com/banners/episodes/71575/51021.jpg</thumbnail>
<animated_fanart></animated_fanart>
<fanart></fanart>
</item>

<item>
<title>03. Wally's License</title>
<meta>
  <content>episode</content>
  <imdb>tt0050032</imdb>
  <tvdb>50825</tvdb>
  <tvshowtitle>Leave It To Beaver</tvshowtitle>
  <year>1962</year>
  <title></title>
  <premiered></premiered>
  <season>6</season>
  <episode></episode>
  <summary>Now that Wally is 17, he feels it's about time that he get his drivers license. However, June and Ward are a bit apprehensive about the idea of Wally driving but Wally is persitant and finally gets his parents to agree to let him take a drivers class.</summary>
</meta>
<link>https://archive.org/download/leave.it.to.beaver.complete.series/Season%206/Leave%20It%20To%20Beaver%20-%20S06E03%20-%20Wally%27s%20License.mp4</link>
<animated_thumbnail></animated_thumbnail>
<thumbnail>https://www.thetvdb.com/banners/episodes/71575/51022.jpg</thumbnail>
<animated_fanart></animated_fanart>
<fanart></fanart>
</item>

<item>
<title>04. The Late Edition</title>
<meta>
  <content>episode</content>
  <imdb>tt0050032</imdb>
  <tvdb>50825</tvdb>
  <tvshowtitle>Leave It To Beaver</tvshowtitle>
  <year>1962</year>
  <title></title>
  <premiered></premiered>
  <season>6</season>
  <episode></episode>
  <summary>Beaver has his heart set on taking a swing at being a paper boy again but another kid beats him to it. This leads Beaver to think about using sabatoge to get the new paper boy fired. However, the boy may just do that himself when the service becomes terrible leading Beaver to confront him only to discover he is a she.</summary>
</meta>
<link>https://archive.org/download/leave.it.to.beaver.complete.series/Season%206/Leave%20It%20To%20Beaver%20-%20S06E04%20-%20The%20Late%20Edition.mp4</link>
<animated_thumbnail></animated_thumbnail>
<thumbnail>https://www.thetvdb.com/banners/episodes/71575/51023.jpg</thumbnail>
<animated_fanart></animated_fanart>
<fanart></fanart>
</item>

<item>
<title>05. Double Date</title>
<meta>
  <content>episode</content>
  <imdb>tt0050032</imdb>
  <tvdb>50825</tvdb>
  <tvshowtitle>Leave It To Beaver</tvshowtitle>
  <year>1962</year>
  <title></title>
  <premiered></premiered>
  <season>6</season>
  <episode></episode>
  <summary>Wally's new girlfriend Carolyn can't go out to the movies on Saturday night because she has to watch her little sister Susan. Carolyn suggests that Beaver take Susan out to the movies and that they all double date. Not wanting to let Wally down, Beaver decides to go along, despite being nervous.</summary>
</meta>
<link>https://archive.org/download/leave.it.to.beaver.complete.series/Season%206/Leave%20It%20To%20Beaver%20-%20S06E05%20-%20Double%20Date.mp4</link>
<animated_thumbnail></animated_thumbnail>
<thumbnail>https://www.thetvdb.com/banners/episodes/71575/51024.jpg</thumbnail>
<animated_fanart></animated_fanart>
<fanart></fanart>
</item>

<item>
<title>06. Eddie, the Businessman</title>
<meta>
  <content>episode</content>
  <imdb>tt0050032</imdb>
  <tvdb>50825</tvdb>
  <tvshowtitle>Leave It To Beaver</tvshowtitle>
  <year>1962</year>
  <title></title>
  <premiered></premiered>
  <season>6</season>
  <episode></episode>
  <summary>Wally and Eddie get jobs at the Mayfield Dairy thanks to Ward pulling some strings. They soon unknowingly find themselves involved in a plot started by the foreman and his assistant who are secretly stealing the merchandise. When Ward learns of the plot, he warns Wally who in turn tries to warn Eddie, but Eddie doesn't buy it.</summary>
</meta>
<link>https://archive.org/download/leave.it.to.beaver.complete.series/Season%206/Leave%20It%20To%20Beaver%20-%20S06E06%20-%20Eddie%2C%20The%20Businessman.mp4</link>
<animated_thumbnail></animated_thumbnail>
<thumbnail>https://www.thetvdb.com/banners/episodes/71575/51025.jpg</thumbnail>
<animated_fanart></animated_fanart>
<fanart></fanart>
</item>

<item>
<title>07. Tell It to Ella</title>
<meta>
  <content>episode</content>
  <imdb>tt0050032</imdb>
  <tvdb>50825</tvdb>
  <tvshowtitle>Leave It To Beaver</tvshowtitle>
  <year>1962</year>
  <title></title>
  <premiered></premiered>
  <season>6</season>
  <episode></episode>
  <summary>After coming home late on a school night, Ward and June punish him by not allowing him to go anywhere on school nights. Beaver feels the punishment is unfair and when Eddie suggests Beaver write to an advice column but is disappointed with the response.</summary>
</meta>
<link>https://archive.org/download/leave.it.to.beaver.complete.series/Season%206/Leave%20It%20To%20Beaver%20-%20S06E07%20-%20Tell%20It%20To%20Ella.mp4</link>
<animated_thumbnail></animated_thumbnail>
<thumbnail>https://www.thetvdb.com/banners/episodes/71575/51026.jpg</thumbnail>
<animated_fanart></animated_fanart>
<fanart></fanart>
</item>

<item>
<title>08. Bachelor at Large</title>
<meta>
  <content>episode</content>
  <imdb>tt0050032</imdb>
  <tvdb>50825</tvdb>
  <tvshowtitle>Leave It To Beaver</tvshowtitle>
  <year>1962</year>
  <title></title>
  <premiered></premiered>
  <season>6</season>
  <episode></episode>
  <summary>The news that Eddie has moved out of his parent's house and into an apartment of his own has June worried that Wally may be contemplating something similar. However, Wally gets a picture of just how ""happy"" Eddie is being on his own and it makes him think twice.</summary>
</meta>
<link>https://archive.org/download/leave.it.to.beaver.complete.series/Season%206/Leave%20It%20To%20Beaver%20-%20S06E08%20-%20Bachelor%20At%20Large.mp4</link>
<animated_thumbnail></animated_thumbnail>
<thumbnail>https://www.thetvdb.com/banners/episodes/71575/51027.jpg</thumbnail>
<animated_fanart></animated_fanart>
<fanart></fanart>
</item>

<item>
<title>09. Beaver Joins a Record Club</title>
<meta>
  <content>episode</content>
  <imdb>tt0050032</imdb>
  <tvdb>50825</tvdb>
  <tvshowtitle>Leave It To Beaver</tvshowtitle>
  <year>1962</year>
  <title></title>
  <premiered></premiered>
  <season>6</season>
  <episode></episode>
  <summary>Beaver wants to join a record club and asks Ward for the money to join. Fed up with Beaver constantly asking for money, Ward decides to put him on an allowance. However, Beaver is so thrilled with his records he disreguards the bills for them and quickly finds himself swamped with records, a rising bill and not enough allowance to pay for everything.</summary>
</meta>
<link>https://archive.org/download/leave.it.to.beaver.complete.series/Season%206/Leave%20It%20To%20Beaver%20-%20S06E09%20-%20Beaver%20Joins%20A%20Record%20Club.mp4</link>
<animated_thumbnail></animated_thumbnail>
<thumbnail>https://www.thetvdb.com/banners/episodes/71575/51028.jpg</thumbnail>
<animated_fanart></animated_fanart>
<fanart></fanart>
</item>

<item>
<title>10. Wally's Car Accident</title>
<meta>
  <content>episode</content>
  <imdb>tt0050032</imdb>
  <tvdb>50825</tvdb>
  <tvshowtitle>Leave It To Beaver</tvshowtitle>
  <year>1962</year>
  <title></title>
  <premiered></premiered>
  <season>6</season>
  <episode></episode>
  <summary>June and Ward go away for the weekend and Wally asks to borrow Ward's new car to go to a dance. Although hesitant, Ward finally gives in and lets him take it. However, after the dance, Lumpy runs into some car trouble which results in Wally smashing the headlight on the car. Wally is now faced with having it repaired and paying for it himself and trying to find a way to break it gently to Ward.</summary>
</meta>
<link>https://archive.org/download/leave.it.to.beaver.complete.series/Season%206/Leave%20It%20To%20Beaver%20-%20S06E10%20-%20Wally%27s%20Car%20Accident.mp4</link>
<animated_thumbnail></animated_thumbnail>
<thumbnail>https://www.thetvdb.com/banners/episodes/71575/51029.jpg</thumbnail>
<animated_fanart></animated_fanart>
<fanart></fanart>
</item>

<item>
<title>11. Beaver, the Sheep Dog</title>
<meta>
  <content>episode</content>
  <imdb>tt0050032</imdb>
  <tvdb>50825</tvdb>
  <tvshowtitle>Leave It To Beaver</tvshowtitle>
  <year>1962</year>
  <title></title>
  <premiered></premiered>
  <season>6</season>
  <episode></episode>
  <summary>At school, Beaver gets into an argument with a girl who retaliates by making fun of Beaver's hair, calling him a sheepdog. Incredibly self-concious, Beaver goes out to the store and buys different hairsprays and gels to try to improve his hairdo. He doesn't get the reaction he was expecting when he tries his new hairdo out on his family.</summary>
</meta>
<link>https://archive.org/download/leave.it.to.beaver.complete.series/Season%206/Leave%20It%20To%20Beaver%20-%20S06E11%20-%20Beaver%2C%20The%20Sheep%20Dog.mp4</link>
<animated_thumbnail></animated_thumbnail>
<thumbnail>https://www.thetvdb.com/banners/episodes/71575/51030.jpg</thumbnail>
<animated_fanart></animated_fanart>
<fanart></fanart>
</item>

<item>
<title>12. Beaver, the Hero</title>
<meta>
  <content>episode</content>
  <imdb>tt0050032</imdb>
  <tvdb>50825</tvdb>
  <tvshowtitle>Leave It To Beaver</tvshowtitle>
  <year>1962</year>
  <title></title>
  <premiered></premiered>
  <season>6</season>
  <episode></episode>
  <summary>During one of his football team's games, Beaver is sent in and scores the winning touchdown which results in a picture in the paper. Soon, Beaver finds himself swamped with attention and quickly lets it goes to his head. He begins acting like he's better than everyone and begins to alienate Gilbert, Whitey and Wally.</summary>
</meta>
<link>https://archive.org/download/leave.it.to.beaver.complete.series/Season%206/Leave%20It%20To%20Beaver%20-%20S06E12%20-%20Beaver%2C%20The%20Hero.mp4</link>
<animated_thumbnail></animated_thumbnail>
<thumbnail>https://www.thetvdb.com/banners/episodes/71575/51031.jpg</thumbnail>
<animated_fanart></animated_fanart>
<fanart></fanart>
</item>

<item>
<title>13. Beaver's Autobiography</title>
<meta>
  <content>episode</content>
  <imdb>tt0050032</imdb>
  <tvdb>50825</tvdb>
  <tvshowtitle>Leave It To Beaver</tvshowtitle>
  <year>1962</year>
  <title></title>
  <premiered></premiered>
  <season>6</season>
  <episode></episode>
  <summary>Beaver has been given an assignment in which he must write a autobiography for class but isn't sure about his abilities at writing. So, he convinces a girl, who likes him, to write it for him. When she discovers that he is merely using her, she writes an outrageous life story and hands it in, causing embarassment for Beaver when the teacher reads it in class.</summary>
</meta>
<link>https://archive.org/download/leave.it.to.beaver.complete.series/Season%206/Leave%20It%20To%20Beaver%20-%20S06E13%20-%20Beaver%27s%20Autobiography.mp4</link>
<animated_thumbnail></animated_thumbnail>
<thumbnail>https://www.thetvdb.com/banners/episodes/71575/51032.jpg</thumbnail>
<animated_fanart></animated_fanart>
<fanart></fanart>
</item>

<item>
<title>14. The Party Spoiler</title>
<meta>
  <content>episode</content>
  <imdb>tt0050032</imdb>
  <tvdb>50825</tvdb>
  <tvshowtitle>Leave It To Beaver</tvshowtitle>
  <year>1962</year>
  <title></title>
  <premiered></premiered>
  <season>6</season>
  <episode></episode>
  <summary>Wally asks June and Ward if he could have a party and with some prodding, Wally finally gets their permission. June quickly begins the plans and Beaver gets a look at the guest list and quickly finds that he's not invited. For revenge, Beaver decides to sabotage Wally's party with a variety of gags that he bought at a magic shop.</summary>
</meta>
<link>https://archive.org/download/leave.it.to.beaver.complete.series/Season%206/Leave%20It%20To%20Beaver%20-%20S06E14%20-%20The%20Party%20Spoiler.mp4</link>
<animated_thumbnail></animated_thumbnail>
<thumbnail>https://www.thetvdb.com/banners/episodes/71575/51033.jpg</thumbnail>
<animated_fanart></animated_fanart>
<fanart></fanart>
</item>

<item>
<title>15. The Mustache</title>
<meta>
  <content>episode</content>
  <imdb>tt0050032</imdb>
  <tvdb>50825</tvdb>
  <tvshowtitle>Leave It To Beaver</tvshowtitle>
  <year>1962</year>
  <title></title>
  <premiered></premiered>
  <season>6</season>
  <episode></episode>
  <summary>Wally's on-again off-again girlfriend, Julie Foster seems to have thrown him over for a new guy in school who just happens to have a mustache. Wally's ego is bruised when Eddie tells him that Julie thinks he's naive and immature. This is the last straw and Wally decides to grow a mustache, much to the dismay of his family.</summary>
</meta>
<link>https://archive.org/download/leave.it.to.beaver.complete.series/Season%206/Leave%20It%20To%20Beaver%20-%20S06E15%20-%20The%20Mustache.mp4</link>
<animated_thumbnail></animated_thumbnail>
<thumbnail>https://www.thetvdb.com/banners/episodes/71575/51034.jpg</thumbnail>
<animated_fanart></animated_fanart>
<fanart></fanart>
</item>

<item>
<title>16. Wally Buys a Car</title>
<meta>
  <content>episode</content>
  <imdb>tt0050032</imdb>
  <tvdb>50825</tvdb>
  <tvshowtitle>Leave It To Beaver</tvshowtitle>
  <year>1962</year>
  <title></title>
  <premiered></premiered>
  <season>6</season>
  <episode></episode>
  <summary>A friend has a car for sale and Wally is interested, however, Ward and June are, as usual, hesitant about the whole thing. Ward decides to give in to Wally and allow him to buy the used car, with the condition that he inspect it first. Ward quickly finds problems with the car and he helps Wally look elsewhere giving Wally tips on the process of used car shopping.</summary>
</meta>
<link>https://archive.org/download/leave.it.to.beaver.complete.series/Season%206/Leave%20It%20To%20Beaver%20-%20S06E16%20-%20Wally%20Buys%20A%20Car.mp4</link>
<animated_thumbnail></animated_thumbnail>
<thumbnail>https://www.thetvdb.com/banners/episodes/71575/51035.jpg</thumbnail>
<animated_fanart></animated_fanart>
<fanart></fanart>
</item>

<item>
<title>17. The Parking Attendants</title>
<meta>
  <content>episode</content>
  <imdb>tt0050032</imdb>
  <tvdb>50825</tvdb>
  <tvshowtitle>Leave It To Beaver</tvshowtitle>
  <year>1962</year>
  <title></title>
  <premiered></premiered>
  <season>6</season>
  <episode></episode>
  <summary>The social event of the season, according to Fred Rutherford, is big party that a wealthy family is throwing and he rubs it in due to the fact that June and Ward didn't get an invitation. However, Wally and Eddie will be there after they get jobs parking the guest's cars. However, trouble ensues when Eddie parks Fred's car in a no parking spot and the car gets towed away by the city.</summary>
</meta>
<link>https://archive.org/download/leave.it.to.beaver.complete.series/Season%206/Leave%20It%20To%20Beaver%20-%20S06E17%20-%20The%20Parking%20Attendants.mp4</link>
<animated_thumbnail></animated_thumbnail>
<thumbnail>https://www.thetvdb.com/banners/episodes/71575/51036.jpg</thumbnail>
<animated_fanart></animated_fanart>
<fanart></fanart>
</item>

<item>
<title>18. More Blessed to Give</title>
<meta>
  <content>episode</content>
  <imdb>tt0050032</imdb>
  <tvdb>50825</tvdb>
  <tvshowtitle>Leave It To Beaver</tvshowtitle>
  <year>1962</year>
  <title></title>
  <premiered></premiered>
  <season>6</season>
  <episode></episode>
  <summary>Beaver and Gilbert go to a carnival and Beaver surprisingly wins a fourteen caret gold locket in one of the carnival games. Beaver thinks about giving it to June but thanks to Gilbert, Beaver decides to give it to a girl whom he has a crush on. However, soon it becomes apparant that this was a mistake when the girl's parents discover Beaver's gift.</summary>
</meta>
<link>https://archive.org/download/leave.it.to.beaver.complete.series/Season%206/Leave%20It%20To%20Beaver%20-%20S06E18%20-%20More%20Blessed%20To%20Give.mp4</link>
<animated_thumbnail></animated_thumbnail>
<thumbnail>https://www.thetvdb.com/banners/episodes/71575/51037.jpg</thumbnail>
<animated_fanart></animated_fanart>
<fanart></fanart>
</item>

<item>
<title>19. Beaver's Good Deed</title>
<meta>
  <content>episode</content>
  <imdb>tt0050032</imdb>
  <tvdb>50825</tvdb>
  <tvshowtitle>Leave It To Beaver</tvshowtitle>
  <year>1962</year>
  <title></title>
  <premiered></premiered>
  <season>6</season>
  <episode></episode>
  <summary>Beaver seems to be on a selfish streak after backing out of a babysitting and later not wanting to do a simple favor for Wally. Ward gives Beaver a stern lecture and soon takes Ward's advice when a tramp comes to the door wanting some kindness. Howver, the tramp quickly takes advantage and helps himself to more than a glass of water.</summary>
</meta>
<link>https://archive.org/download/leave.it.to.beaver.complete.series/Season%206/Leave%20It%20To%20Beaver%20-%20S06E19%20-%20Beaver%27s%20Good%20Deed.mp4</link>
<animated_thumbnail></animated_thumbnail>
<thumbnail>https://www.thetvdb.com/banners/episodes/71575/51038.jpg</thumbnail>
<animated_fanart></animated_fanart>
<fanart></fanart>
</item>

<item>
<title>20. The Credit Card</title>
<meta>
  <content>episode</content>
  <imdb>tt0050032</imdb>
  <tvdb>50825</tvdb>
  <tvshowtitle>Leave It To Beaver</tvshowtitle>
  <year>1962</year>
  <title></title>
  <premiered></premiered>
  <season>6</season>
  <episode></episode>
  <summary>Eddie agrees to use his new credit card to buy a battery for Wally's car. After Wally pays him back, Eddie uses the cash to buy some clothes. When Eddie's father confronts him about the large bill, he lies and says that Wally didn't pay him back.</summary>
</meta>
<link>https://archive.org/download/leave.it.to.beaver.complete.series/Season%206/Leave%20It%20To%20Beaver%20-%20S06E20%20-%20The%20Credit%20Card.mp4</link>
<animated_thumbnail></animated_thumbnail>
<thumbnail>https://www.thetvdb.com/banners/episodes/71575/51039.jpg</thumbnail>
<animated_fanart></animated_fanart>
<fanart></fanart>
</item>

<item>
<title>21. Beaver the Caddy</title>
<meta>
  <content>episode</content>
  <imdb>tt0050032</imdb>
  <tvdb>50825</tvdb>
  <tvshowtitle>Leave It To Beaver</tvshowtitle>
  <year>1962</year>
  <title></title>
  <premiered></premiered>
  <season>6</season>
  <episode></episode>
  <summary>Beaver has gotten a job as a caddy and is quickly running around the golf course chasing balls. However, all innocence is broken when one of the guys Beaver is caddying for cheats in order to win a bet. Soon, Beaver begins wrestling with his conscience over whether or not to tell anyone.</summary>
</meta>
<link>https://archive.org/download/leave.it.to.beaver.complete.series/Season%206/Leave%20It%20To%20Beaver%20-%20S06E21%20-%20Beaver%20The%20Caddy.mp4</link>
<animated_thumbnail></animated_thumbnail>
<thumbnail>https://www.thetvdb.com/banners/episodes/71575/51040.jpg</thumbnail>
<animated_fanart></animated_fanart>
<fanart></fanart>
</item>

<item>
<title>22. Beaver on TV</title>
<meta>
  <content>episode</content>
  <imdb>tt0050032</imdb>
  <tvdb>50825</tvdb>
  <tvshowtitle>Leave It To Beaver</tvshowtitle>
  <year>1962</year>
  <title></title>
  <premiered></premiered>
  <season>6</season>
  <episode></episode>
  <summary>Beaver comes home with the news that he applied to appear on a local television show called Teen Forum and he has been accepted. Beaver gets out of classes for the taping and all his classmates are treated to being able to watch him on TV during class. However, what Beaver, his friends and family don't know is that the show tapes each episode a week in advance.</summary>
</meta>
<link>https://archive.org/download/leave.it.to.beaver.complete.series/Season%206/Leave%20It%20To%20Beaver%20-%20S06E22%20-%20Beaver%20On%20TV.mp4</link>
<animated_thumbnail></animated_thumbnail>
<thumbnail>https://www.thetvdb.com/banners/episodes/71575/51041.jpg</thumbnail>
<animated_fanart></animated_fanart>
<fanart></fanart>
</item>

<item>
<title>23. Box Office Attraction</title>
<meta>
  <content>episode</content>
  <imdb>tt0050032</imdb>
  <tvdb>50825</tvdb>
  <tvshowtitle>Leave It To Beaver</tvshowtitle>
  <year>1962</year>
  <title></title>
  <premiered></premiered>
  <season>6</season>
  <episode></episode>
  <summary>June and Ward have noticed the Wally has been spending quite a bit of his time at the movie theater but it's not to see the movies. He's been eying the pretty young lady who works in the box office. Thanks to Eddie, Wally works up enough courage to ask her out but quickly sees another side to the young lady that is a bit too mature for Wally's taste.</summary>
</meta>
<link>https://archive.org/download/leave.it.to.beaver.complete.series/Season%206/Leave%20It%20To%20Beaver%20-%20S06E23%20-%20Box%20Office%20Attraction.mp4</link>
<animated_thumbnail></animated_thumbnail>
<thumbnail>https://www.thetvdb.com/banners/episodes/71575/51042.jpg</thumbnail>
<animated_fanart></animated_fanart>
<fanart></fanart>
</item>

<item>
<title>24. Lumpy's Scholarship</title>
<meta>
  <content>episode</content>
  <imdb>tt0050032</imdb>
  <tvdb>50825</tvdb>
  <tvshowtitle>Leave It To Beaver</tvshowtitle>
  <year>1962</year>
  <title></title>
  <premiered></premiered>
  <season>6</season>
  <episode></episode>
  <summary>Wally is let down when he learns that he didn't get the sports scholarship from State University. However, he does learn that Lumpy did get one and this leads him to throw a party in Lumpy's honor. Halfway through the party, Fred calls with some unfortunate news for Lumpy: the scholarship has been rescinded due to Lumpy's poor grades.</summary>
</meta>
<link>https://archive.org/download/leave.it.to.beaver.complete.series/Season%206/Leave%20It%20To%20Beaver%20-%20S06E24%20-%20Lumpy%27s%20Scholarship.mp4</link>
<animated_thumbnail></animated_thumbnail>
<thumbnail>https://www.thetvdb.com/banners/episodes/71575/51043.jpg</thumbnail>
<animated_fanart></animated_fanart>
<fanart></fanart>
</item>

<item>
<title>25. The Silent Treatment</title>
<meta>
  <content>episode</content>
  <imdb>tt0050032</imdb>
  <tvdb>50825</tvdb>
  <tvshowtitle>Leave It To Beaver</tvshowtitle>
  <year>1962</year>
  <title></title>
  <premiered></premiered>
  <season>6</season>
  <episode></episode>
  <summary>Beaver is all set to go with Eddie and Wally to hook up an AM/FM car radio in Eddie's car, but June stops him and insists he go to the grocery store to pick up the items as he had promised. This leads Beaver to give June the cold shoulder treatment while playing up to Ward.</summary>
</meta>
<link>https://archive.org/download/leave.it.to.beaver.complete.series/Season%206/Leave%20It%20To%20Beaver%20-%20S06E25%20-%20The%20Silent%20Treatment.mp4</link>
<animated_thumbnail></animated_thumbnail>
<thumbnail>https://www.thetvdb.com/banners/episodes/71575/51044.jpg</thumbnail>
<animated_fanart></animated_fanart>
<fanart></fanart>
</item>

<item>
<title>26. Uncle Billy's Visit</title>
<meta>
  <content>episode</content>
  <imdb>tt0050032</imdb>
  <tvdb>50825</tvdb>
  <tvshowtitle>Leave It To Beaver</tvshowtitle>
  <year>1962</year>
  <title></title>
  <premiered></premiered>
  <season>6</season>
  <episode></episode>
  <summary>June and Ward go away for a couple of days and leave Uncle Billy to stay with Wally and Beaver. Beaver quickly realizes Billy runs a much looser ship than Ward and June and feels as if he can get away with more things. However, he's soon in for a rude awakening when he helps Gilbert sneak into the movies.</summary>
</meta>
<link>https://archive.org/download/leave.it.to.beaver.complete.series/Season%206/Leave%20It%20To%20Beaver%20-%20S06E26%20-%20Uncle%20Billy%27s%20Visit.mp4</link>
<animated_thumbnail></animated_thumbnail>
<thumbnail>https://www.thetvdb.com/banners/episodes/71575/51045.jpg</thumbnail>
<animated_fanart></animated_fanart>
<fanart></fanart>
</item>

<item>
<title>27. Beaver's Prep School</title>
<meta>
  <content>episode</content>
  <imdb>tt0050032</imdb>
  <tvdb>50825</tvdb>
  <tvshowtitle>Leave It To Beaver</tvshowtitle>
  <year>1962</year>
  <title></title>
  <premiered></premiered>
  <season>6</season>
  <episode></episode>
  <summary>June and Ward are excited when they learn that Aunt Martha has made arrangements to send Beaver to a prep school in New England. However, Beaver quickly realizes he will miss his friends as they are all entering Mayfield High School next year. This puts Beaver in a delicate position, how to tell Aunt Martha he doesn't want to go without hurting her feelings.</summary>
</meta>
<link>https://archive.org/download/leave.it.to.beaver.complete.series/Season%206/Leave%20It%20To%20Beaver%20-%20S06E27%20-%20Beaver%27s%20Prep%20School.mp4</link>
<animated_thumbnail></animated_thumbnail>
<thumbnail>https://www.thetvdb.com/banners/episodes/71575/51046.jpg</thumbnail>
<animated_fanart></animated_fanart>
<fanart></fanart>
</item>

<item>
<title>28. Wally and the Fraternity</title>
<meta>
  <content>episode</content>
  <imdb>tt0050032</imdb>
  <tvdb>50825</tvdb>
  <tvshowtitle>Leave It To Beaver</tvshowtitle>
  <year>1962</year>
  <title></title>
  <premiered></premiered>
  <season>6</season>
  <episode></episode>
  <summary>Wally has his mind pretty much made up about going to Ward's alma mater, State University and he's even considering joining Ward's old fraternity. However, both Eddie and Wally think twice when they hear from a college student that it's the worst fraternity on campus, but Ward has already sent out his letter of recommendation for both of them.</summary>
</meta>
<link>https://archive.org/download/leave.it.to.beaver.complete.series/Season%206/Leave%20It%20To%20Beaver%20-%20S06E28%20-%20Wally%20And%20The%20Fraternity.mp4</link>
<animated_thumbnail></animated_thumbnail>
<thumbnail>https://www.thetvdb.com/banners/episodes/71575/51047.jpg</thumbnail>
<animated_fanart></animated_fanart>
<fanart></fanart>
</item>

<item>
<title>29. Eddie's Sweater</title>
<meta>
  <content>episode</content>
  <imdb>tt0050032</imdb>
  <tvdb>50825</tvdb>
  <tvshowtitle>Leave It To Beaver</tvshowtitle>
  <year>1962</year>
  <title></title>
  <premiered></premiered>
  <season>6</season>
  <episode></episode>
  <summary>Eddie has been seeing one particular girl, Cindy Andrews and she wants to give Eddie a birthday gift, so she decides to knit a sweater. She uses Wally as a model and he begins spending so much time at Cindy's that he arouses the suspicions of Julie, Eddie, Lumpy, Beaver and his parents.</summary>
</meta>
<link>https://archive.org/download/leave.it.to.beaver.complete.series/Season%206/Leave%20It%20To%20Beaver%20-%20S06E29%20-%20Eddie%27s%20Sweater.mp4</link>
<animated_thumbnail></animated_thumbnail>
<thumbnail>https://www.thetvdb.com/banners/episodes/71575/51048.jpg</thumbnail>
<animated_fanart></animated_fanart>
<fanart></fanart>
</item>

<item>
<title>30. The Book Report</title>
<meta>
  <content>episode</content>
  <imdb>tt0050032</imdb>
  <tvdb>50825</tvdb>
  <tvshowtitle>Leave It To Beaver</tvshowtitle>
  <year>1962</year>
  <title></title>
  <premiered></premiered>
  <season>6</season>
  <episode></episode>
  <summary>Beaver has been assigned to write a book report on The Three Musketeers. However he's waited right down to the wire to get reading and quickly realizes that he'll never get finished. He decides to watch the movie that's going to be on TV and write his book report based on the movie.</summary>
</meta>
<link>https://archive.org/download/leave.it.to.beaver.complete.series/Season%206/Leave%20It%20To%20Beaver%20-%20S06E30%20-%20The%20Book%20Report.mp4</link>
<animated_thumbnail></animated_thumbnail>
<thumbnail>https://www.thetvdb.com/banners/episodes/71575/51049.jpg</thumbnail>
<animated_fanart></animated_fanart>
<fanart></fanart>
</item>

<item>
<title>31. The Poor Loser</title>
<meta>
  <content>episode</content>
  <imdb>tt0050032</imdb>
  <tvdb>50825</tvdb>
  <tvshowtitle>Leave It To Beaver</tvshowtitle>
  <year>1962</year>
  <title></title>
  <premiered></premiered>
  <season>6</season>
  <episode></episode>
  <summary>Ward is given two tickets to a baseball game and is faced with an impossible decision: should he take Wally or Beaver? Beaver lets him off the hook when he announces he has plans with Gilbert. However, when they fall through, Beaver changes his mind about the game and becomes convinced that because he's the youngest he gets the short stick.</summary>
</meta>
<link>https://archive.org/download/leave.it.to.beaver.complete.series/Season%206/Leave%20It%20To%20Beaver%20-%20S06E31%20-%20The%20Poor%20Loser.mp4</link>
<animated_thumbnail></animated_thumbnail>
<thumbnail>https://www.thetvdb.com/banners/episodes/71575/51050.jpg</thumbnail>
<animated_fanart></animated_fanart>
<fanart></fanart>
</item>

<item>
<title>32. Don Juan Beaver</title>
<meta>
  <content>episode</content>
  <imdb>tt0050032</imdb>
  <tvdb>50825</tvdb>
  <tvshowtitle>Leave It To Beaver</tvshowtitle>
  <year>1962</year>
  <title></title>
  <premiered></premiered>
  <season>6</season>
  <episode></episode>
  <summary>A school dance has Beaver with a major dilemma: he has two girls who ask him to go with them. However, he has a little problem, he accepted the first invitation but now wants out of it when he's asked by the second girl. This leads him to take some of Eddie's poor advice.</summary>
</meta>
<link>https://archive.org/download/leave.it.to.beaver.complete.series/Season%206/Leave%20It%20To%20Beaver%20-%20S06E32%20-%20Don%20Juan%20Beaver.mp4</link>
<animated_thumbnail></animated_thumbnail>
<thumbnail>https://www.thetvdb.com/banners/episodes/71575/51051.jpg</thumbnail>
<animated_fanart></animated_fanart>
<fanart></fanart>
</item>

<item>
<title>33. Summer in Alaska</title>
<meta>
  <content>episode</content>
  <imdb>tt0050032</imdb>
  <tvdb>50825</tvdb>
  <tvshowtitle>Leave It To Beaver</tvshowtitle>
  <year>1962</year>
  <title></title>
  <premiered></premiered>
  <season>6</season>
  <episode></episode>
  <summary>Eddie is happy to break the news that he plans to spend his summer on a fishing boat in Alaska and this prompts Wally and Lumpy to think about signing up to do the same thing. However, they all get a dose of reality when they discover just what kind of conditions they would be living in.</summary>
</meta>
<link>https://archive.org/download/leave.it.to.beaver.complete.series/Season%206/Leave%20It%20To%20Beaver%20-%20S06E33%20-%20Summer%20In%20Alaska.mp4</link>
<animated_thumbnail></animated_thumbnail>
<thumbnail>https://www.thetvdb.com/banners/episodes/71575/51052.jpg</thumbnail>
<animated_fanart></animated_fanart>
<fanart></fanart>
</item>

<item>
<title>34. Beaver's Graduation</title>
<meta>
  <content>episode</content>
  <imdb>tt0050032</imdb>
  <tvdb>50825</tvdb>
  <tvshowtitle>Leave It To Beaver</tvshowtitle>
  <year>1962</year>
  <title></title>
  <premiered></premiered>
  <season>6</season>
  <episode></episode>
  <summary>It's come down to the final week before junior high school graduation and Beaver is having a ball and even skips a class with Gilbert. However, Beaver becomes convinced he won't graduate after Gilbert and him take a peek at the diplomas on Mrs. Rayburn's desk and find Beaver's diploma to be missing.</summary>
</meta>
<link>https://archive.org/download/leave.it.to.beaver.complete.series/Season%206/Leave%20It%20To%20Beaver%20-%20S06E34%20-%20Beaver%27s%20Graduation.mp4</link>
<animated_thumbnail></animated_thumbnail>
<thumbnail>https://www.thetvdb.com/banners/episodes/71575/51053.jpg</thumbnail>
<animated_fanart></animated_fanart>
<fanart></fanart>
</item>

<item>
<title>35. Wally's Practical Joke</title>
<meta>
  <content>episode</content>
  <imdb>tt0050032</imdb>
  <tvdb>50825</tvdb>
  <tvshowtitle>Leave It To Beaver</tvshowtitle>
  <year>1962</year>
  <title></title>
  <premiered></premiered>
  <season>6</season>
  <episode></episode>
  <summary>Wally and Eddie fall prey to Lumpy's practical joking after he plants cherry bombs under the hoods of Eddie's car and Wally's car. Both Eddie and Wally want to get him back but their plan goes awry when they destroy Lumpy's car after chaining it to a tree. All fingers point to Wally after Fred finds that the chain has Ward's name printed on it.</summary>
</meta>
<link>https://archive.org/download/leave.it.to.beaver.complete.series/Season%206/Leave%20It%20To%20Beaver%20-%20S06E35%20-%20Wally%27s%20Practical%20Joke.mp4</link>
<animated_thumbnail></animated_thumbnail>
<thumbnail>https://www.thetvdb.com/banners/episodes/71575/51054.jpg</thumbnail>
<animated_fanart></animated_fanart>
<fanart></fanart>
</item>

<item>
<title>36. The All-Night Party</title>
<meta>
  <content>episode</content>
  <imdb>tt0050032</imdb>
  <tvdb>50825</tvdb>
  <tvshowtitle>Leave It To Beaver</tvshowtitle>
  <year>1962</year>
  <title></title>
  <premiered></premiered>
  <season>6</season>
  <episode></episode>
  <summary>After graduation, an all-night party is set to begin, which has June and Ward very wary. They aren't sure if they should allow Wally to attend. Meanwhile, Wally's date for the party has the same problem. This leads her to invite Wally to meet her folks and put their worries to rest.</summary>
</meta>
<link>https://archive.org/download/leave.it.to.beaver.complete.series/Season%206/Leave%20It%20To%20Beaver%20-%20S06E36%20-%20The%20All-Night%20Party.mp4</link>
<animated_thumbnail></animated_thumbnail>
<thumbnail>https://www.thetvdb.com/banners/episodes/71575/51055.jpg</thumbnail>
<animated_fanart></animated_fanart>
<fanart></fanart>
</item>

<item>
<title>37. Beaver Sees America</title>
<meta>
  <content>episode</content>
  <imdb>tt0050032</imdb>
  <tvdb>50825</tvdb>
  <tvshowtitle>Leave It To Beaver</tvshowtitle>
  <year>1962</year>
  <title></title>
  <premiered></premiered>
  <season>6</season>
  <episode></episode>
  <summary>Beaver has the chance to travel around the country for six weeks during the summer and he's all excited about it. However, he quickly realizes when he's gone Gilbert will go after the girl Beaver has a crush on, Mary Margaret. Fortunately, he quickly realizes there's more to life than Mary Margaret.</summary>
</meta>
<link>https://archive.org/download/leave.it.to.beaver.complete.series/Season%206/Leave%20It%20To%20Beaver%20-%20S06E37%20-%20Beaver%20Sees%20America.mp4</link>
<animated_thumbnail></animated_thumbnail>
<thumbnail>https://www.thetvdb.com/banners/episodes/71575/51056.jpg</thumbnail>
<animated_fanart></animated_fanart>
<fanart></fanart>
</item>

<item>
<title>38. The Clothing Drive</title>
<meta>
  <content>episode</content>
  <imdb>tt0050032</imdb>
  <tvdb>50825</tvdb>
  <tvshowtitle>Leave It To Beaver</tvshowtitle>
  <year>1962</year>
  <title></title>
  <premiered></premiered>
  <season>6</season>
  <episode></episode>
  <summary>Beaver's school is having a clothing drive and whoever brings in the most clothes is awarded 1000 school points. June, Ward and Wally round up all the old clothes they can find and put them in a box. When Beaver picks up the box to take into school, he mistakenly thinks Ward's nearby suits for the dry cleaner are also for the clothes drive.</summary>
</meta>
<link>https://archive.org/download/leave.it.to.beaver.complete.series/Season%206/Leave%20It%20To%20Beaver%20-%20S06E38%20-%20The%20Clothing%20Drive.mp4</link>
<animated_thumbnail></animated_thumbnail>
<thumbnail>https://www.thetvdb.com/banners/episodes/71575/51057.jpg</thumbnail>
<animated_fanart></animated_fanart>
<fanart></fanart>
</item>

<item>
<title>39. Family Scrapbook</title>
<meta>
  <content>episode</content>
  <imdb>tt0050032</imdb>
  <tvdb>50825</tvdb>
  <tvshowtitle>Leave It To Beaver</tvshowtitle>
  <year>1962</year>
  <title></title>
  <premiered></premiered>
  <season>6</season>
  <episode></episode>
  <summary>While cleaning, June runs across an old family scrapbook and gathers the family together to reminisce about the past six years. The Cleavers recall scenes from previous episodes including: Beaver Gets 'Spelled, New Neighbors, My Brother's Girl, The Shave, Beaver Runs Away, Larry Hides Out, Teacher Comes to Dinner, and Wally's Election.</summary>
</meta>
<link>https://archive.org/download/leave.it.to.beaver.complete.series/Season%206/Leave%20It%20To%20Beaver%20-%20S06E39%20-%20Family%20Scrapbook.mp4</link>
<animated_thumbnail></animated_thumbnail>
<thumbnail>https://www.thetvdb.com/banners/episodes/71575/51058.jpg</thumbnail>
<animated_fanart></animated_fanart>
<fanart></fanart>
</item>