
<item>
<title>01. Beaver Won't Eat</title>
<meta>
  <content>episode</content>
  <imdb>tt0050032</imdb>
  <tvdb>50825</tvdb>
  <tvshowtitle>Leave It To Beaver</tvshowtitle>
  <year>1960</year>
  <title></title>
  <premiered>10/01/1960</premiered>
  <season>4</season>
  <episode></episode>
  <summary>Beaver is determined not to eat brussels sprouts and adamently refuses not to eat them when June serves them for dinner. In order to go to a football game, Ward makes Beaver promise that he will eat them the next time they are served. Beaver quickly finds himself confronted with the "deadly" vegetables when the Cleavers go out to eat at a posh restaurant.</summary>
</meta>
<link>https://archive.org/download/leave.it.to.beaver.complete.series/Season%204/Leave%20It%20To%20Beaver%20-%20S04E01%20-%20Beaver%20Won%27t%20Eat.mp4</link>
<animated_thumbnail></animated_thumbnail>
<thumbnail>https://www.thetvdb.com/banners/episodes/71575/50942.jpg</thumbnail>
<animated_fanart></animated_fanart>
<fanart></fanart>
</item>

<item>
<title>02. Beaver's House Guest</title>
<meta>
  <content>episode</content>
  <imdb>tt0050032</imdb>
  <tvdb>50825</tvdb>
  <tvshowtitle>Leave It To Beaver</tvshowtitle>
  <year>1960</year>
  <title></title>
  <premiered></premiered>
  <season>4</season>
  <episode></episode>
  <summary>A friend Beaver made at summer camp, Chopper, stays with the Cleavers for the weekend. Beaver is quickly introduced to Chopper's unusual life since he is the son of parents who have been married and divorced many times.</summary>
</meta>
<link>https://archive.org/download/leave.it.to.beaver.complete.series/Season%204/Leave%20It%20To%20Beaver%20-%20S04E02%20-%20Beaver%27s%20House%20Guest.mp4</link>
<animated_thumbnail></animated_thumbnail>
<thumbnail>https://www.thetvdb.com/banners/episodes/71575/50943.jpg</thumbnail>
<animated_fanart></animated_fanart>
<fanart></fanart>
</item>

<item>
<title>03. Beaver Becomes a Hero</title>
<meta>
  <content>episode</content>
  <imdb>tt0050032</imdb>
  <tvdb>50825</tvdb>
  <tvshowtitle>Leave It To Beaver</tvshowtitle>
  <year>1960</year>
  <title></title>
  <premiered></premiered>
  <season>4</season>
  <episode></episode>
  <summary>While Beaver and Wally are fishing an abandoned canoe floats up and Beaver and Wally responsibly return it to the owner, whose name had been carved in the paddle. However, after telling his friends the story, they adjust it to make it sound as if Beaver had saved a girl from drowning.</summary>
</meta>
<link>https://archive.org/download/leave.it.to.beaver.complete.series/Season%204/Leave%20It%20To%20Beaver%20-%20S04E03%20-%20Beaver%20Becomes%20a%20Hero.mp4</link>
<animated_thumbnail></animated_thumbnail>
<thumbnail>https://www.thetvdb.com/banners/episodes/71575/50944.jpg</thumbnail>
<animated_fanart></animated_fanart>
<fanart></fanart>
</item>

<item>
<title>04. Wally, the Lifeguard</title>
<meta>
  <content>episode</content>
  <imdb>tt0050032</imdb>
  <tvdb>50825</tvdb>
  <tvshowtitle>Leave It To Beaver</tvshowtitle>
  <year>1960</year>
  <title></title>
  <premiered></premiered>
  <season>4</season>
  <episode></episode>
  <summary>Wally is all set to begin his job as a lifeguard but is let down when he learns that had been a mistake and he's not old enough to fill the position, so instead he is hired to sell candy and hot dogs.</summary>
</meta>
<link>https://archive.org/download/leave.it.to.beaver.complete.series/Season%204/Leave%20It%20To%20Beaver%20-%20S04E04%20-%20Wally%20The%20Lifeguard.mp4</link>
<animated_thumbnail></animated_thumbnail>
<thumbnail>https://www.thetvdb.com/banners/episodes/71575/50945.jpg</thumbnail>
<animated_fanart></animated_fanart>
<fanart></fanart>
</item>

<item>
<title>05. Beaver's Freckles</title>
<meta>
  <content>episode</content>
  <imdb>tt0050032</imdb>
  <tvdb>50825</tvdb>
  <tvshowtitle>Leave It To Beaver</tvshowtitle>
  <year>1960</year>
  <title></title>
  <premiered></premiered>
  <season>4</season>
  <episode></episode>
  <summary>When Clarence gets fed up with Beaver calling him Lumpy, he gives Beaver a new nickname of Freckles. This leads Beaver to become self-concious about his freckles and takes steps to try to remove them.</summary>
</meta>
<link>https://archive.org/download/leave.it.to.beaver.complete.series/Season%204/Leave%20It%20To%20Beaver%20-%20S04E05%20-%20Beaver%27s%20Freckles.mp4</link>
<animated_thumbnail></animated_thumbnail>
<thumbnail>https://www.thetvdb.com/banners/episodes/71575/50946.jpg</thumbnail>
<animated_fanart></animated_fanart>
<fanart></fanart>
</item>

<item>
<title>06. Beaver's Big Contest</title>
<meta>
  <content>episode</content>
  <imdb>tt0050032</imdb>
  <tvdb>50825</tvdb>
  <tvshowtitle>Leave It To Beaver</tvshowtitle>
  <year>1960</year>
  <title></title>
  <premiered></premiered>
  <season>4</season>
  <episode></episode>
  <summary>Constantly entering contests, Beaver's latest one has him selling raffle tickets in hopes of winning one of the prizes. Surprisingly, he does indeed win third prize and the prize is a $3,500 sports car. However, his dreams are dashed when Eddie's premonition comes true, Ward breaks the news that Beaver can't keep the car.</summary>
</meta>
<link>https://archive.org/download/leave.it.to.beaver.complete.series/Season%204/Leave%20It%20To%20Beaver%20-%20S04E06%20-%20Beaver%27s%20Big%20Contest.mp4</link>
<animated_thumbnail></animated_thumbnail>
<thumbnail>https://www.thetvdb.com/banners/episodes/71575/50947.jpg</thumbnail>
<animated_fanart></animated_fanart>
<fanart></fanart>
</item>

<item>
<title>07. Miss Lander's Fiance</title>
<meta>
  <content>episode</content>
  <imdb>tt0050032</imdb>
  <tvdb>50825</tvdb>
  <tvshowtitle>Leave It To Beaver</tvshowtitle>
  <year>1960</year>
  <title></title>
  <premiered></premiered>
  <season>4</season>
  <episode></episode>
  <summary>While doing some yard work for Miss Landers, Beaver and Whitey witness their favorite teacher in the midst of a gentleman caller, which makes Beaver a bit jealous. However, Beaver gets sick to his stomach when he discovers Miss Landers is engaged to be married and the man he saw was her fiance.</summary>
</meta>
<link>https://archive.org/download/leave.it.to.beaver.complete.series/Season%204/Leave%20It%20To%20Beaver%20-%20S04E07%20-%20Miss%20Landers%27%20Fiance.mp4</link>
<animated_thumbnail></animated_thumbnail>
<thumbnail>https://www.thetvdb.com/banners/episodes/71575/50948.jpg</thumbnail>
<animated_fanart></animated_fanart>
<fanart></fanart>
</item>

<item>
<title>08. Eddie's Double-Cross</title>
<meta>
  <content>episode</content>
  <imdb>tt0050032</imdb>
  <tvdb>50825</tvdb>
  <tvshowtitle>Leave It To Beaver</tvshowtitle>
  <year>1960</year>
  <title></title>
  <premiered></premiered>
  <season>4</season>
  <episode></episode>
  <summary>Eddie crawls through the Cleaver house spreading the news that he's going steady with Caroline Schuster, something that worries June who doesn't want Wally to get any ideas about going steady. However, Wally has other worries when he overhears Caroline saying that she's only using Eddie while her boyfriend is grounded. Leaving Wally with the decision to tell Eddie or not.</summary>
</meta>
<link>https://archive.org/download/leave.it.to.beaver.complete.series/Season%204/Leave%20It%20To%20Beaver%20-%20S04E08%20-%20Eddie%27s%20Double%20Cross.mp4</link>
<animated_thumbnail></animated_thumbnail>
<thumbnail>https://www.thetvdb.com/banners/episodes/71575/50949.jpg</thumbnail>
<animated_fanart></animated_fanart>
<fanart></fanart>
</item>

<item>
<title>09. Beaver's I.Q.</title>
<meta>
  <content>episode</content>
  <imdb>tt0050032</imdb>
  <tvdb>50825</tvdb>
  <tvshowtitle>Leave It To Beaver</tvshowtitle>
  <year>1960</year>
  <title></title>
  <premiered></premiered>
  <season>4</season>
  <episode></episode>
  <summary>After learning that he's going to be taking an I.Q. test, Beaver hits the books, scared after his friend tell him that if he doesn't pass, he will be sent to ""dumb"" school.</summary>
</meta>
<link>https://archive.org/download/leave.it.to.beaver.complete.series/Season%204/Leave%20It%20To%20Beaver%20-%20S04E09%20-%20Beaver%27s%20IQ.mp4</link>
<animated_thumbnail></animated_thumbnail>
<thumbnail>https://www.thetvdb.com/banners/episodes/71575/50950.jpg</thumbnail>
<animated_fanart></animated_fanart>
<fanart></fanart>
</item>

<item>
<title>10. Wally's Glamour Girl</title>
<meta>
  <content>episode</content>
  <imdb>tt0050032</imdb>
  <tvdb>50825</tvdb>
  <tvshowtitle>Leave It To Beaver</tvshowtitle>
  <year>1960</year>
  <title></title>
  <premiered></premiered>
  <season>4</season>
  <episode></episode>
  <summary>Wally is shocked to learn that the glamourous Kitty Bannerman is visiting Mayfield and he's afraid that she will find out that he's not the rich hot shot that he told her he was in the letters that he had sent her.</summary>
</meta>
<link>https://archive.org/download/leave.it.to.beaver.complete.series/Season%204/Leave%20It%20To%20Beaver%20-%20S04E10%20-%20Wally%27s%20Glamour%20Girl.mp4</link>
<animated_thumbnail></animated_thumbnail>
<thumbnail>https://www.thetvdb.com/banners/episodes/71575/50951.jpg</thumbnail>
<animated_fanart></animated_fanart>
<fanart></fanart>
</item>

<item>
<title>11. Chuckie's New Shoes</title>
<meta>
  <content>episode</content>
  <imdb>tt0050032</imdb>
  <tvdb>50825</tvdb>
  <tvshowtitle>Leave It To Beaver</tvshowtitle>
  <year>1960</year>
  <title></title>
  <premiered></premiered>
  <season>4</season>
  <episode></episode>
  <summary>A neighbor gives Wally the responsibility of taking her son, Chuckie, down to the shoe store to pick out a pair of shoes. However, when Wally gives the job to Beaver, Beaver finds himself searching for Chuckie, who has gotten himself lost.</summary>
</meta>
<link>https://archive.org/download/leave.it.to.beaver.complete.series/Season%204/Leave%20It%20To%20Beaver%20-%20S04E11%20-%20Chuckie%27s%20New%20Shoes.mp4</link>
<animated_thumbnail></animated_thumbnail>
<thumbnail>https://www.thetvdb.com/banners/episodes/71575/50952.jpg</thumbnail>
<animated_fanart></animated_fanart>
<fanart></fanart>
</item>

<item>
<title>12. Beaver and Kenneth</title>
<meta>
  <content>episode</content>
  <imdb>tt0050032</imdb>
  <tvdb>50825</tvdb>
  <tvshowtitle>Leave It To Beaver</tvshowtitle>
  <year>1960</year>
  <title></title>
  <premiered></premiered>
  <season>4</season>
  <episode></episode>
  <summary>While at a parent's meeting, June leans from Miss Landers that someone has been stealing in Beaver's class and so far, a baseball glove, a lunch box and a baseball cap were heisted. Later, June makes a shocking discovery, she finds the stolen items under Beaver's bed. This leaves June and Ward wondering if they're raising a thief.</summary>
</meta>
<link>https://archive.org/download/leave.it.to.beaver.complete.series/Season%204/Leave%20It%20To%20Beaver%20-%20S04E12%20-%20Beaver%20%26%20Kenneth.mp4</link>
<animated_thumbnail></animated_thumbnail>
<thumbnail>https://www.thetvdb.com/banners/episodes/71575/50953.jpg</thumbnail>
<animated_fanart></animated_fanart>
<fanart></fanart>
</item>

<item>
<title>13. Beaver's Accordian</title>
<meta>
  <content>episode</content>
  <imdb>tt0050032</imdb>
  <tvdb>50825</tvdb>
  <tvshowtitle>Leave It To Beaver</tvshowtitle>
  <year>1960</year>
  <title></title>
  <premiered></premiered>
  <season>4</season>
  <episode></episode>
  <summary>An advertisement in the mail for a free tryout of an accordian has Beaver sneaking around behind Ward's back. After rescuing the flyer from the trash, Beaver sends it in and indeed gets an accordian that he quickly finds hard to hide from his parents.</summary>
</meta>
<link>https://archive.org/download/leave.it.to.beaver.complete.series/Season%204/Leave%20It%20To%20Beaver%20-%20S04E13%20-%20Beaver%27s%20Accordion.mp4</link>
<animated_thumbnail></animated_thumbnail>
<thumbnail>https://www.thetvdb.com/banners/episodes/71575/50954.jpg</thumbnail>
<animated_fanart></animated_fanart>
<fanart></fanart>
</item>

<item>
<title>14. Uncle Billy</title>
<meta>
  <content>episode</content>
  <imdb>tt0050032</imdb>
  <tvdb>50825</tvdb>
  <tvshowtitle>Leave It To Beaver</tvshowtitle>
  <year>1960</year>
  <title></title>
  <premiered></premiered>
  <season>4</season>
  <episode></episode>
  <summary>Ward's Uncle Billy arrives in Mayfield for a visit and begins telling Wally and Beaver exaggerated stories. Not realizing this, Beaver expects Billy to come through after promising Beaver a fishing reel.</summary>
</meta>
<link>https://archive.org/download/leave.it.to.beaver.complete.series/Season%204/Leave%20It%20To%20Beaver%20-%20S04E14%20-%20Uncle%20Billy.mp4</link>
<animated_thumbnail></animated_thumbnail>
<thumbnail>https://www.thetvdb.com/banners/episodes/71575/50955.jpg</thumbnail>
<animated_fanart></animated_fanart>
<fanart></fanart>
</item>

<item>
<title>15. Teacher's Daughter</title>
<meta>
  <content>episode</content>
  <imdb>tt0050032</imdb>
  <tvdb>50825</tvdb>
  <tvshowtitle>Leave It To Beaver</tvshowtitle>
  <year>1960</year>
  <title></title>
  <premiered></premiered>
  <season>4</season>
  <episode></episode>
  <summary>Wally's latest girlfriend is Julie Foster who just happens to be the daughter of a Mr. Foster who teaches English. Meanwhile, at school, a new semester lands Wally in Mr. Foster's class and quickly finds himself feeling uncomfortable. Especially after Eddie tells him that his relationship with Julie will determine his grades.</summary>
</meta>
<link>https://archive.org/download/leave.it.to.beaver.complete.series/Season%204/Leave%20It%20To%20Beaver%20-%20S04E15%20-%20Teacher%27s%20Daughter.mp4</link>
<animated_thumbnail></animated_thumbnail>
<thumbnail>https://www.thetvdb.com/banners/episodes/71575/50956.jpg</thumbnail>
<animated_fanart></animated_fanart>
<fanart></fanart>
</item>

<item>
<title>16. Ward's Millions</title>
<meta>
  <content>episode</content>
  <imdb>tt0050032</imdb>
  <tvdb>50825</tvdb>
  <tvshowtitle>Leave It To Beaver</tvshowtitle>
  <year>1960</year>
  <title></title>
  <premiered></premiered>
  <season>4</season>
  <episode></episode>
  <summary>Wanting Ward to become a millionaire, Beaver buys him a book called, ""I Became a Millionaire in Twelve Months."" Ward thanks him for it but Beaver quickly learns that Ward is just being polite as to spare his feelings.</summary>
</meta>
<link>https://archive.org/download/leave.it.to.beaver.complete.series/Season%204/Leave%20It%20To%20Beaver%20-%20S04E16%20-%20Ward%27s%20Millions.mp4</link>
<animated_thumbnail></animated_thumbnail>
<thumbnail>https://www.thetvdb.com/banners/episodes/71575/50957.jpg</thumbnail>
<animated_fanart></animated_fanart>
<fanart></fanart>
</item>

<item>
<title>17. Beaver's Secret Life</title>
<meta>
  <content>episode</content>
  <imdb>tt0050032</imdb>
  <tvdb>50825</tvdb>
  <tvshowtitle>Leave It To Beaver</tvshowtitle>
  <year>1960</year>
  <title></title>
  <premiered></premiered>
  <season>4</season>
  <episode></episode>
  <summary>After revealing that he wants to be a writer when he grows up, Ward buys Beaver a diary to practice writing and Beaver begins keeping a record of his daily activites. However, June and Ward pick the lock and sneak a peek at his diary after Beaver neglects to come home on time.</summary>
</meta>
<link>https://archive.org/download/leave.it.to.beaver.complete.series/Season%204/Leave%20It%20To%20Beaver%20-%20S04E17%20-%20Beaver%27s%20Secret%20Life.mp4</link>
<animated_thumbnail></animated_thumbnail>
<thumbnail>https://www.thetvdb.com/banners/episodes/71575/50958.jpg</thumbnail>
<animated_fanart></animated_fanart>
<fanart></fanart>
</item>

<item>
<title>18. Wally's Track Meet</title>
<meta>
  <content>episode</content>
  <imdb>tt0050032</imdb>
  <tvdb>50825</tvdb>
  <tvshowtitle>Leave It To Beaver</tvshowtitle>
  <year>1960</year>
  <title></title>
  <premiered></premiered>
  <season>4</season>
  <episode></episode>
  <summary>Wally is all set to compete in a track meet but after the coach catches him ""horsing around"" in the locker room, he's ousted from the meet, even though Lumpy and Eddie were egging him on.</summary>
</meta>
<link>https://archive.org/download/leave.it.to.beaver.complete.series/Season%204/Leave%20It%20To%20Beaver%20-%20S04E18%20-%20Wally%27s%20Track%20Meet.mp4</link>
<animated_thumbnail></animated_thumbnail>
<thumbnail>https://www.thetvdb.com/banners/episodes/71575/50959.jpg</thumbnail>
<animated_fanart></animated_fanart>
<fanart></fanart>
</item>

<item>
<title>19. Beaver's Old Buddy</title>
<meta>
  <content>episode</content>
  <imdb>tt0050032</imdb>
  <tvdb>50825</tvdb>
  <tvshowtitle>Leave It To Beaver</tvshowtitle>
  <year>1960</year>
  <title></title>
  <premiered></premiered>
  <season>4</season>
  <episode></episode>
  <summary>An old friend of Beaver's spends the weekend at the Cleavers and Beaver is all ready to have a great time like they use to. However, Beaver quickly discovers that people change and in this case Beaver's old buddy has indeed changed.</summary>
</meta>
<link>https://archive.org/download/leave.it.to.beaver.complete.series/Season%204/Leave%20It%20To%20Beaver%20-%20S04E19%20-%20Beaver%27s%20Old%20Buddy.mp4</link>
<animated_thumbnail></animated_thumbnail>
<thumbnail>https://www.thetvdb.com/banners/episodes/71575/50960.jpg</thumbnail>
<animated_fanart></animated_fanart>
<fanart></fanart>
</item>

<item>
<title>20. Beaver's Tonsils</title>
<meta>
  <content>episode</content>
  <imdb>tt0050032</imdb>
  <tvdb>50825</tvdb>
  <tvshowtitle>Leave It To Beaver</tvshowtitle>
  <year>1960</year>
  <title></title>
  <premiered></premiered>
  <season>4</season>
  <episode></episode>
  <summary>When Beaver becomes sick, the doctor thinks Beaver may need to have his tonsils taken out. Ward quickly puts Beaver's fears to rest by telling him everyone will bring him presents when they visit him in the hospital. This leads Beaver to tell everyone that he's going to have surgery but then finds out he may not need the operation after all.</summary>
</meta>
<link>https://archive.org/download/leave.it.to.beaver.complete.series/Season%204/Leave%20It%20To%20Beaver%20-%20S04E20%20-%20Beaver%27s%20Tonsils.mp4</link>
<animated_thumbnail></animated_thumbnail>
<thumbnail>https://www.thetvdb.com/banners/episodes/71575/50961.jpg</thumbnail>
<animated_fanart></animated_fanart>
<fanart></fanart>
</item>

<item>
<title>21. The Big Fish Count</title>
<meta>
  <content>episode</content>
  <imdb>tt0050032</imdb>
  <tvdb>50825</tvdb>
  <tvshowtitle>Leave It To Beaver</tvshowtitle>
  <year>1960</year>
  <title></title>
  <premiered></premiered>
  <season>4</season>
  <episode></episode>
  <summary>Eddie makes it known to everyone that he's just gotten a job down at Parker's Pet Store, which happens to be the store that's holding a contest where you guess how many fish are in the tank. After hours of counting and re-counting, Gilbert suggests to Beaver that they ought to just ask Eddie for the count, but Beaver is a bit hesitant at cheating.</summary>
</meta>
<link>https://archive.org/download/leave.it.to.beaver.complete.series/Season%204/Leave%20It%20To%20Beaver%20-%20S04E21%20-%20The%20Big%20Fish%20Count.mp4</link>
<animated_thumbnail></animated_thumbnail>
<thumbnail>https://www.thetvdb.com/banners/episodes/71575/50962.jpg</thumbnail>
<animated_fanart></animated_fanart>
<fanart></fanart>
</item>

<item>
<title>22. Beaver's Poster</title>
<meta>
  <content>episode</content>
  <imdb>tt0050032</imdb>
  <tvdb>50825</tvdb>
  <tvshowtitle>Leave It To Beaver</tvshowtitle>
  <year>1960</year>
  <title></title>
  <premiered></premiered>
  <season>4</season>
  <episode></episode>
  <summary>Miss Landers is having Beaver's class do projects on the colonial period and Beaver is one of three people doing posters. Who ever makes the best one, gets a prize and Beaver is sure that Ward will paint the poster for him, but Ward rejects that idea and forces Beaver to do his own work.</summary>
</meta>
<link>https://archive.org/download/leave.it.to.beaver.complete.series/Season%204/Leave%20It%20To%20Beaver%20-%20S04E22%20-%20Beaver%27s%20Poster.mp4</link>
<animated_thumbnail></animated_thumbnail>
<thumbnail>https://www.thetvdb.com/banners/episodes/71575/50963.jpg</thumbnail>
<animated_fanart></animated_fanart>
<fanart></fanart>
</item>

<item>
<title>23. Mother's Helper</title>
<meta>
  <content>episode</content>
  <imdb>tt0050032</imdb>
  <tvdb>50825</tvdb>
  <tvshowtitle>Leave It To Beaver</tvshowtitle>
  <year>1960</year>
  <title></title>
  <premiered></premiered>
  <season>4</season>
  <episode></episode>
  <summary>A neighborhood cleaning woman, Mrs Manners, gets a request from June asking her to help out a couple times during the week. Mrs. Manners is too busy herself but instead sends over her daughter, a girl whom Wally instantly falls for.</summary>
</meta>
<link>https://archive.org/download/leave.it.to.beaver.complete.series/Season%204/Leave%20It%20To%20Beaver%20-%20S04E23%20-%20Mother%27s%20Helper.mp4</link>
<animated_thumbnail></animated_thumbnail>
<thumbnail>https://www.thetvdb.com/banners/episodes/71575/50964.jpg</thumbnail>
<animated_fanart></animated_fanart>
<fanart></fanart>
</item>

<item>
<title>24. The Dramatic Club</title>
<meta>
  <content>episode</content>
  <imdb>tt0050032</imdb>
  <tvdb>50825</tvdb>
  <tvshowtitle>Leave It To Beaver</tvshowtitle>
  <year>1960</year>
  <title></title>
  <premiered></premiered>
  <season>4</season>
  <episode></episode>
  <summary>After joining the dramatic club at school, Beaver is given the lead role in a play. However, after reading the script, Beaver discovers he must kiss a girl and wants out of the production.</summary>
</meta>
<link>https://archive.org/download/leave.it.to.beaver.complete.series/Season%204/Leave%20It%20To%20Beaver%20-%20S04E24%20-%20The%20Dramatic%20Club.mp4</link>
<animated_thumbnail></animated_thumbnail>
<thumbnail>https://www.thetvdb.com/banners/episodes/71575/50965.jpg</thumbnail>
<animated_fanart></animated_fanart>
<fanart></fanart>
</item>

<item>
<title>25. Wally and Dudley</title>
<meta>
  <content>episode</content>
  <imdb>tt0050032</imdb>
  <tvdb>50825</tvdb>
  <tvshowtitle>Leave It To Beaver</tvshowtitle>
  <year>1960</year>
  <title></title>
  <premiered></premiered>
  <season>4</season>
  <episode></episode>
  <summary>A close friend of June's moves into the neighborhood and June arranges to have Wally show the new kid, Dudley, around school. However, everyone thinks Dudley is a creep and Eddie and Lumpy plan to make a fool of Dudley at a party.</summary>
</meta>
<link>https://archive.org/download/leave.it.to.beaver.complete.series/Season%204/Leave%20It%20To%20Beaver%20-%20S04E25%20-%20Wally%20and%20Dudley.mp4</link>
<animated_thumbnail></animated_thumbnail>
<thumbnail>https://www.thetvdb.com/banners/episodes/71575/50966.jpg</thumbnail>
<animated_fanart></animated_fanart>
<fanart></fanart>
</item>

<item>
<title>26. Eddie Spends the Night</title>
<meta>
  <content>episode</content>
  <imdb>tt0050032</imdb>
  <tvdb>50825</tvdb>
  <tvshowtitle>Leave It To Beaver</tvshowtitle>
  <year>1960</year>
  <title></title>
  <premiered></premiered>
  <season>4</season>
  <episode></episode>
  <summary>Wally invites Eddie to spend the night. However, during a game of chess, Eddie accuses Wally of cheating and they get into a big argument ending with Wally ordering Eddie to go home.</summary>
</meta>
<link>https://archive.org/download/leave.it.to.beaver.complete.series/Season%204/Leave%20It%20To%20Beaver%20-%20S04E26%20-%20Eddie%20Spends%20the%20Night.mp4</link>
<animated_thumbnail></animated_thumbnail>
<thumbnail>https://www.thetvdb.com/banners/episodes/71575/50967.jpg</thumbnail>
<animated_fanart></animated_fanart>
<fanart></fanart>
</item>

<item>
<title>27. Beaver's Report Card</title>
<meta>
  <content>episode</content>
  <imdb>tt0050032</imdb>
  <tvdb>50825</tvdb>
  <tvshowtitle>Leave It To Beaver</tvshowtitle>
  <year>1960</year>
  <title></title>
  <premiered></premiered>
  <season>4</season>
  <episode></episode>
  <summary>Beaver gets out of school early to go to the dentist which prompts Gilbert to drop off his report card. However, Eddie and Lumpy get a hold of it and Eddie decides to alter Beaver's arithmetic grade from a D- to a B+.</summary>
</meta>
<link>https://archive.org/download/leave.it.to.beaver.complete.series/Season%204/Leave%20It%20To%20Beaver%20-%20S04E27%20-%20Beaver%27s%20Report%20Card.mp4</link>
<animated_thumbnail></animated_thumbnail>
<thumbnail>https://www.thetvdb.com/banners/episodes/71575/50968.jpg</thumbnail>
<animated_fanart></animated_fanart>
<fanart></fanart>
</item>

<item>
<title>28. Mistaken Identity</title>
<meta>
  <content>episode</content>
  <imdb>tt0050032</imdb>
  <tvdb>50825</tvdb>
  <tvshowtitle>Leave It To Beaver</tvshowtitle>
  <year>1960</year>
  <title></title>
  <premiered></premiered>
  <season>4</season>
  <episode></episode>
  <summary>A police officer catches Richard throwing rocks at the windows of an old abandoned house. When asked for his name, he tells the officer his name is Theodore Cleaver. Meanwhile, Ward has joined a committee to organize a youth center.</summary>
</meta>
<link>https://archive.org/download/leave.it.to.beaver.complete.series/Season%204/Leave%20It%20To%20Beaver%20-%20S04E28%20-%20Mistaken%20Identity.mp4</link>
<animated_thumbnail></animated_thumbnail>
<thumbnail>https://www.thetvdb.com/banners/episodes/71575/50969.jpg</thumbnail>
<animated_fanart></animated_fanart>
<fanart></fanart>
</item>

<item>
<title>29. Wally's Dream Girl</title>
<meta>
  <content>episode</content>
  <imdb>tt0050032</imdb>
  <tvdb>50825</tvdb>
  <tvshowtitle>Leave It To Beaver</tvshowtitle>
  <year>1960</year>
  <title></title>
  <premiered></premiered>
  <season>4</season>
  <episode></episode>
  <summary>Wally falls head over heels for a popular girl in school, Ginny Townsend. To get them together, June slyly invites Ginny on a picnic and the Cleaver's quickly discover that Ginny is not exactly a barrel of laughs.</summary>
</meta>
<link>https://archive.org/download/leave.it.to.beaver.complete.series/Season%204/Leave%20It%20To%20Beaver%20-%20S04E29%20-%20Wally%27s%20Dream%20Girl.mp4</link>
<animated_thumbnail></animated_thumbnail>
<thumbnail>https://www.thetvdb.com/banners/episodes/71575/50970.jpg</thumbnail>
<animated_fanart></animated_fanart>
<fanart></fanart>
</item>

<item>
<title>30. The School Picture</title>
<meta>
  <content>episode</content>
  <imdb>tt0050032</imdb>
  <tvdb>50825</tvdb>
  <tvshowtitle>Leave It To Beaver</tvshowtitle>
  <year>1960</year>
  <title></title>
  <premiered></premiered>
  <season>4</season>
  <episode></episode>
  <summary>Beaver's class is having a group picture taken and while having it done, Gilbert goads Beaver into making a face with him when they snap the picture. However, when the picture is actually taken, Gilbert backs out and Beaver is the only one making a face.</summary>
</meta>
<link>https://archive.org/download/leave.it.to.beaver.complete.series/Season%204/Leave%20It%20To%20Beaver%20-%20S04E30%20-%20The%20School%20Picture.mp4</link>
<animated_thumbnail></animated_thumbnail>
<thumbnail>https://www.thetvdb.com/banners/episodes/71575/50971.jpg</thumbnail>
<animated_fanart></animated_fanart>
<fanart></fanart>
</item>

<item>
<title>31. Beaver's Rat</title>
<meta>
  <content>episode</content>
  <imdb>tt0050032</imdb>
  <tvdb>50825</tvdb>
  <tvshowtitle>Leave It To Beaver</tvshowtitle>
  <year>1960</year>
  <title></title>
  <premiered></premiered>
  <season>4</season>
  <episode></episode>
  <summary>Beaver making trades with his classmates is beginning to get on Ward and June's nerves since he seems to be the one who always walks away shorthanded. June especially thinks Beaver got the short stick in his latest trade, when he comes home with a pet rat.</summary>
</meta>
<link>https://archive.org/download/leave.it.to.beaver.complete.series/Season%204/Leave%20It%20To%20Beaver%20-%20S04E31%20-%20Beaver%27s%20Rat.mp4</link>
<animated_thumbnail></animated_thumbnail>
<thumbnail>https://www.thetvdb.com/banners/episodes/71575/50972.jpg</thumbnail>
<animated_fanart></animated_fanart>
<fanart></fanart>
</item>

<item>
<title>32. In the Soup</title>
<meta>
  <content>episode</content>
  <imdb>tt0050032</imdb>
  <tvdb>50825</tvdb>
  <tvshowtitle>Leave It To Beaver</tvshowtitle>
  <year>1960</year>
  <title></title>
  <premiered></premiered>
  <season>4</season>
  <episode></episode>
  <summary>Wally is throwing a party and is successful in getting Beaver out of the house, who is planning to spend the night at Whitey's. However, on the way to Whitey's house, him and Beaver get into an argument over a billboard that is advertising for soup and this leads to Beaver falling into the giant soup bowl mounted at the top of the billboard.</summary>
</meta>
<link>https://archive.org/download/leave.it.to.beaver.complete.series/Season%204/Leave%20It%20To%20Beaver%20-%20S04E32%20-%20In%20The%20Soup.mp4</link>
<animated_thumbnail></animated_thumbnail>
<thumbnail>https://www.thetvdb.com/banners/episodes/71575/50973.jpg</thumbnail>
<animated_fanart></animated_fanart>
<fanart></fanart>
</item>

<item>
<title>33. Community Chest</title>
<meta>
  <content>episode</content>
  <imdb>tt0050032</imdb>
  <tvdb>50825</tvdb>
  <tvshowtitle>Leave It To Beaver</tvshowtitle>
  <year>1960</year>
  <title></title>
  <premiered></premiered>
  <season>4</season>
  <episode></episode>
  <summary>Beaver volunteers to go around the neighborhood and collect for the Community Chest in June's place after she decides to attend Wally's open house at his school. Beaver brings along Gilbert and thanks to Beaver's astronomical mistake of losing the collection can, chaos erupts.</summary>
</meta>
<link>https://archive.org/download/leave.it.to.beaver.complete.series/Season%204/Leave%20It%20To%20Beaver%20-%20S04E33%20-%20Community%20Chest.mp4</link>
<animated_thumbnail></animated_thumbnail>
<thumbnail>https://www.thetvdb.com/banners/episodes/71575/50974.jpg</thumbnail>
<animated_fanart></animated_fanart>
<fanart></fanart>
</item>

<item>
<title>34. Junior Fire Chief</title>
<meta>
  <content>episode</content>
  <imdb>tt0050032</imdb>
  <tvdb>50825</tvdb>
  <tvshowtitle>Leave It To Beaver</tvshowtitle>
  <year>1960</year>
  <title></title>
  <premiered></premiered>
  <season>4</season>
  <episode></episode>
  <summary>Beaver decides to run for Junior Fire Chief and, to his surprise, wins. However, as soon as he's elected, Beaver lets the responsibilities go to his head and begins issuing citations to not only his family but his neighbors as well.</summary>
</meta>
<link>https://archive.org/download/leave.it.to.beaver.complete.series/Season%204/Leave%20It%20To%20Beaver%20-%20S04E34%20-%20Junior%20Fire%20Chief.mp4</link>
<animated_thumbnail></animated_thumbnail>
<thumbnail>https://www.thetvdb.com/banners/episodes/71575/50975.jpg</thumbnail>
<animated_fanart></animated_fanart>
<fanart></fanart>
</item>

<item>
<title>35. Beaver's Frogs</title>
<meta>
  <content>episode</content>
  <imdb>tt0050032</imdb>
  <tvdb>50825</tvdb>
  <tvshowtitle>Leave It To Beaver</tvshowtitle>
  <year>1960</year>
  <title></title>
  <premiered></premiered>
  <season>4</season>
  <episode></episode>
  <summary>Beaver wants a canoe and makes a deal with Ward that if he can come up with half the money, Ward will pay for the other half. So Beaver, comes up with a way of making money by selling frogs. However, little does he know that the man who's going to buy the frogs, uses them for class disections.</summary>
</meta>
<link>https://archive.org/download/leave.it.to.beaver.complete.series/Season%204/Leave%20It%20To%20Beaver%20-%20S04E35%20-%20Beaver%27s%20Frogs.mp4</link>
<animated_thumbnail></animated_thumbnail>
<thumbnail>https://www.thetvdb.com/banners/episodes/71575/50976.jpg</thumbnail>
<animated_fanart></animated_fanart>
<fanart></fanart>
</item>

<item>
<title>36. Beaver Goes in Business</title>
<meta>
  <content>episode</content>
  <imdb>tt0050032</imdb>
  <tvdb>50825</tvdb>
  <tvshowtitle>Leave It To Beaver</tvshowtitle>
  <year>1960</year>
  <title></title>
  <premiered></premiered>
  <season>4</season>
  <episode></episode>
  <summary>Beaver and Gilbert begin a lawn mowing business and plan to go door to door in seach of lawns that need to be mowed. However, shortly after they venture out, Eddie gives the boys some advice that leads them into trouble and Gilbert to bail out of the business when their first client appears.</summary>
</meta>
<link>https://archive.org/download/leave.it.to.beaver.complete.series/Season%204/Leave%20It%20To%20Beaver%20-%20S04E36%20-%20Beaver%20Goes%20into%20Business.mp4</link>
<animated_thumbnail></animated_thumbnail>
<thumbnail>https://www.thetvdb.com/banners/episodes/71575/50977.jpg</thumbnail>
<animated_fanart></animated_fanart>
<fanart></fanart>
</item>

<item>
<title>37. Kite Day</title>
<meta>
  <content>episode</content>
  <imdb>tt0050032</imdb>
  <tvdb>50825</tvdb>
  <tvshowtitle>Leave It To Beaver</tvshowtitle>
  <year>1960</year>
  <title></title>
  <premiered></premiered>
  <season>4</season>
  <episode></episode>
  <summary>An upcoming father-son Kite Day has Beaver getting all excited when Ward agrees to participate with him. They do a great job building a kite together but when Gilbert talks Beaver into testing it out, the kite crashes and falls apart. This leaves Beaver with the duty to tell Ward just what happened to their entry in Kite Day.</summary>
</meta>
<link>https://archive.org/download/leave.it.to.beaver.complete.series/Season%204/Leave%20It%20To%20Beaver%20-%20S04E37%20-%20Kite%20Day.mp4</link>
<animated_thumbnail></animated_thumbnail>
<thumbnail>https://www.thetvdb.com/banners/episodes/71575/50978.jpg</thumbnail>
<animated_fanart></animated_fanart>
<fanart></fanart>
</item>

<item>
<title>38. Beaver's Doll Buggy</title>
<meta>
  <content>episode</content>
  <imdb>tt0050032</imdb>
  <tvdb>50825</tvdb>
  <tvshowtitle>Leave It To Beaver</tvshowtitle>
  <year>1960</year>
  <title></title>
  <premiered></premiered>
  <season>4</season>
  <episode></episode>
  <summary>Beaver buys a run down mini-race car from Eddie and needs to find a set of wheels for it. Beaver decides to ask Penny Woods if he could have the wheels off her old doll buggy but finds himself in an awkward position, pushing a doll buggy down the street.</summary>
</meta>
<link>https://archive.org/download/leave.it.to.beaver.complete.series/Season%204/Leave%20It%20To%20Beaver%20-%20S04E38%20-%20Beaver%27s%20Doll%20Buggy.mp4</link>
<animated_thumbnail></animated_thumbnail>
<thumbnail>https://www.thetvdb.com/banners/episodes/71575/50979.jpg</thumbnail>
<animated_fanart></animated_fanart>
<fanart></fanart>
</item>

<item>
<title>39. Substitute Father</title>
<meta>
  <content>episode</content>
  <imdb>tt0050032</imdb>
  <tvdb>50825</tvdb>
  <tvshowtitle>Leave It To Beaver</tvshowtitle>
  <year>1960</year>
  <title></title>
  <premiered></premiered>
  <season>4</season>
  <episode></episode>
  <summary>Before leaving on a business trip, Ward asks Wally to look after June and Beaver and Wally does indeed. However, when Miss Landers hears Beaver swear at a bully, Beaver turns to Wally to handle the situation and be a "substitute father."</summary>
</meta>
<link>https://archive.org/download/leave.it.to.beaver.complete.series/Season%204/Leave%20It%20To%20Beaver%20-%20S04E39%20-%20Substitute%20Father.mp4</link>
<animated_thumbnail></animated_thumbnail>
<thumbnail>https://www.thetvdb.com/banners/episodes/71575/50980.jpg</thumbnail>
<animated_fanart></animated_fanart>
<fanart></fanart>
</item>