<?xml version="1.0" encoding="UTF-8" standalone="yes"?>
<addon id="script.fuzzybritches.metadata" version="3.0.4" name="Fuzzy Britches Metadata" provider-name="The Papaw">
	<requires>
		<import addon="xbmc.python" version="2.19.0"/>
	</requires>
	<extension point="xbmc.python.module" library="lib" />
	<extension point="xbmc.addon.metadata">
		<summary>Metadata for Fuzzy Britches Addon</summary>
		<description>Metadata for Fuzzy Britches are maintained separately to make distribution of the the addon itself easier/faster.</description>
		<platform>all</platform>
        <assets>
	      <icon>icon.png</icon>
		  <fanart>fanart.jpg</fanart>
		</assets>		
	</extension>
</addon>
