<?xml version="1.0" encoding="UTF-8" standalone="yes"?>
<addon id="script.fuzzybritches_v2.artwork" version="1.0.1" name="[COLOR orange]Fuzzy Britches v2 Artwork[/COLOR]" provider-name="The Papaw">
    <requires>
        <import addon="xbmc.python" version="2.19.0"/>
    </requires>
    <extension point="xbmc.python.module" library="lib" />
    <extension point="xbmc.addon.metadata">
        <summary>Artwork Themed for the Fuzzy Britches v2 Add-on</summary>
        <description>Artwork Themed for Fuzzy Britches v2 Add-on. Maintained separately to make distribution of the the addon itself easier/faster.</description>
        <platform>all</platform>
		<license>CC BY-NC-SA 4.0</license>
		<forum></forum>
		<website>https://github.com/ThePapaw/fuzzybritches</website>
		<source>https://github.com/ThePapaw/fuzzybritches</source>
		<video_guide></video_guide>
        <assets>
	      <icon>icon.png</icon>
		  <fanart>fanart.jpg</fanart>
		</assets>
        <news>Initial release</news>
    </extension>
</addon>
