﻿<?xml version="1.0" encoding="UTF-8" standalone="yes"?>
<addon id="plugin.video.kidscove" name="Kids Cove" version="1.0.4" provider-name="The Papaw">
    <requires>
        <import addon="xbmc.python" version="2.19.0" />
        <import addon="script.module.universalscrapers" version="1.0.0" />
        <import addon="script.module.python.koding.aio" version="0.9.6.6" />
        <import addon="script.module.beautifulsoup" version="3.2.1" />
        <import addon="script.module.requests" version="2.9.1" />
        <import addon="script.module.addon.common" version="2.0.0" />
        <import addon="script.module.xmltodict" version="0.9.0" />
		<import addon="script.module.futures" />
        <import addon="script.module.dateutil" />
		<import addon="script.module.feedparser" version="5.1.3"/>
        <!--<import addon="script.module.web-pdb" version="1.0"/>-->
        <import addon="script.module.resolveurl" />
        <!--<import addon="script.module.urlresolver" />-->
    </requires>
    <extension point="xbmc.python.pluginsource" library="default.py">
        <provides>video</provides>
    </extension>
    <extension point="xbmc.service" library="service.py" start="[login|startup]" />
    <extension point="xbmc.addon.metadata">
        <summary lang="en">The OFFICIAL Kids Cove Addon</summary>
        <description lang="en">[B][COLOR yellow]The Official Kids Cove Addon: made just for kids!! (and old adults).[/B][CR]     [CR]Created just for my grandson (nicknamed Papaw's Son). I created this from love just for you Papawson. Works with Kodi 18.[/COLOR]</description>
        <disclaimer lang="en">The author of this addon does NOT host any of the content which is found and has no affiliation with any of the content providers. This addon simply searches websites for content. This addon does not form part of the Kodi Media Centre. Please do not seek assistance with this addon from any of the Official Kodi Support Channels. Use at your own risk!</disclaimer>
        <platform>all</platform><license></license>
		<assets>
			<icon>icon.png</icon>
			<fanart>fanart.jpg</fanart>
			<screenshot>resources/media/screenshot-01.jpg</screenshot>
			<screenshot>resources/media/screenshot-02.jpg</screenshot>
			<screenshot>resources/media/screenshot-03.jpg</screenshot>
		</assets>
        <website/>
        <video_guide></video_guide>
        <reuselanguageinvoker>false</reuselanguageinvoker>
    </extension>
</addon>
