<?xml version="1.0" encoding="UTF-8" standalone="yes"?>
<addon id="plugin.video.fuzzybritches" version="1.2.1.5" name="Fuzzy Britches" provider-name="The Papaw">
	<requires>
		<import addon="xbmc.python" version="2.19.0" />
		<import addon="script.module.fuzzybritches" />
		<import addon="script.fuzzybritches.artwork" />
		<import addon="script.fuzzybritches.metadata" />
		<import addon="script.module.resolveurl" />
		<import addon="script.module.requests" />
		<import addon="script.module.metahandler" />
	</requires>
	<extension point="xbmc.python.pluginsource" library="fuzzybritches.py">
		<provides>video</provides>
	</extension>
	<extension point="xbmc.service" library="service.py" start="startup" />
	<extension point="xbmc.addon.metadata">
		<summary lang="en">The OFFICIAL [B]Fuzzy Britches Addon[/B]</summary>
		<description lang="en">[B][COLOR yellow]The Official Fuzzy Britches Addon[/B][/COLOR][CR]Created for my beautiful wife (nicknamed [COLOR yellow]Fuzzy Britches[/COLOR]). Works with PSMC as well as Kodi 18.</description>
		<disclaimer lang="en">The author of this addon does NOT host any of the content which is found and has no affiliation with any of the content providers. This addon simply searches websites for content. This addon does not form part of the Kodi Media Center. Please do not seek assistance with this addon from any of the Official Kodi Support Channels. Use at your own risk! The code for this addon was forked from other addons and modded and patched together by The Papaw.</disclaimer>
		<platform>all</platform>
		<license></license>
		<forum></forum>
		<website>https://github.com/ThePapaw/fuzzybritches</website>
		<source>https://github.com/ThePapaw/fuzzybritches</source>
		<video_guide></video_guide>
		<assets>
			<icon>icon.gif</icon>
			<icon>icon.png</icon>
			<fanart>fanart.jpg</fanart>
			<screenshot>resources/media/screenshot-01.jpg</screenshot>
			<screenshot>resources/media/screenshot-02.jpg</screenshot>
			<screenshot>resources/media/screenshot-03.jpg</screenshot>
			<screenshot>resources/media/screenshot-04.jpg</screenshot>
			<screenshot>resources/media/screenshot-05.jpg</screenshot>
			<screenshot>resources/media/screenshot-06.jpg</screenshot>
			<screenshot>resources/media/screenshot-07.jpg</screenshot>
		</assets>
		
		<news>
[COLOR yellow]• Latest Changes[/COLOR] - (07-01-19)
[COLOR blue]• [/COLOR]Cosmetic Fixes
[COLOR blue]• [/COLOR][B][COLOR yellow]To achieve the best results using the torrent scrapers, go into Fuzzy Britches > Tools > ResolveURL: Settings > Universal Resolvers and scroll down the list for each provider you use. If there is an option for that provider that says[/COLOR][/B][B][COLOR red] "Cached torrent only"[/COLOR][/B], [B][COLOR yellow]make sure to turn it[/COLOR][/B][B][COLOR red] ON[/COLOR][/B][B][COLOR yellow]. No more Popups when scraping torrents![/COLOR][/B]

Please give credit to all the devolopers that have and do contribute to this addon!
        </news>
	</extension>
</addon>
